/*
 Navicat Premium Data Transfer

 Source Server         : Meow
 Source Server Type    : MySQL
 Source Server Version : 80021
 Source Host           : localhost:3306
 Source Schema         : educational

 Target Server Type    : MySQL
 Target Server Version : 80021
 File Encoding         : 65001

 Date: 12/06/2021 17:29:51
*/

SET NAMES utf8mb4;
SET FOREIGN_KEY_CHECKS = 0;

-- ----------------------------
-- Table structure for classroom
-- ----------------------------
DROP TABLE IF EXISTS `classroom`;
CREATE TABLE `classroom` (
  `classroom_id` int NOT NULL AUTO_INCREMENT COMMENT '教室id',
  `campus` varchar(255) CHARACTER SET utf8 COLLATE utf8_general_ci DEFAULT NULL COMMENT '校区',
  `building` varchar(255) CHARACTER SET utf8 COLLATE utf8_general_ci DEFAULT NULL COMMENT '楼名',
  `room_num` varchar(100) CHARACTER SET utf8 COLLATE utf8_general_ci DEFAULT NULL COMMENT '房间号',
  `type` tinyint DEFAULT NULL COMMENT '教室类型',
  `people_num` int DEFAULT NULL COMMENT '容纳人数',
  PRIMARY KEY (`classroom_id`) USING BTREE
) ENGINE=MyISAM AUTO_INCREMENT=103 DEFAULT CHARSET=utf8 ROW_FORMAT=DYNAMIC;

-- ----------------------------
-- Records of classroom
-- ----------------------------
BEGIN;
INSERT INTO `classroom` VALUES (2, '赛罕校区', '行知楼', '5', 0, 60);
INSERT INTO `classroom` VALUES (3, '盛乐校区', '行知楼', '0', 0, 60);
INSERT INTO `classroom` VALUES (4, '盛乐校区', '科技楼', '8', 1, 60);
INSERT INTO `classroom` VALUES (5, '盛乐校区', '科技楼', '10', 1, 60);
INSERT INTO `classroom` VALUES (6, '赛罕校区', '科技楼', '20', 1, 60);
INSERT INTO `classroom` VALUES (7, '盛乐校区', '科技楼', '36', 1, 60);
INSERT INTO `classroom` VALUES (8, '赛罕校区', '科技楼', '22', 0, 60);
INSERT INTO `classroom` VALUES (9, '盛乐校区', '科技楼', '38', 1, 60);
INSERT INTO `classroom` VALUES (10, '盛乐校区', '科技楼', '34', 0, 60);
INSERT INTO `classroom` VALUES (11, '赛罕校区', '科技楼', '39', 1, 60);
INSERT INTO `classroom` VALUES (12, '盛乐校区', '科技楼', '18', 1, 60);
INSERT INTO `classroom` VALUES (13, '盛乐校区', '行知楼', '6', 0, 60);
INSERT INTO `classroom` VALUES (14, '赛罕校区', '行知楼', '22', 0, 60);
INSERT INTO `classroom` VALUES (15, '盛乐校区', '行知楼', '7', 1, 60);
INSERT INTO `classroom` VALUES (16, '赛罕校区', '科技楼', '16', 1, 60);
INSERT INTO `classroom` VALUES (17, '盛乐校区', '行知楼', '35', 0, 60);
INSERT INTO `classroom` VALUES (18, '赛罕校区', '科技楼', '13', 0, 60);
INSERT INTO `classroom` VALUES (19, '赛罕校区', '行知楼', '31', 1, 60);
INSERT INTO `classroom` VALUES (20, '盛乐校区', '行知楼', '24', 1, 60);
INSERT INTO `classroom` VALUES (21, '盛乐校区', '科技楼', '18', 1, 60);
INSERT INTO `classroom` VALUES (22, '盛乐校区', '科技楼', '8', 1, 60);
INSERT INTO `classroom` VALUES (23, '赛罕校区', '行知楼', '18', 1, 60);
INSERT INTO `classroom` VALUES (24, '盛乐校区', '行知楼', '16', 1, 60);
INSERT INTO `classroom` VALUES (25, '赛罕校区', '科技楼', '23', 1, 60);
INSERT INTO `classroom` VALUES (26, '赛罕校区', '行知楼', '22', 1, 60);
INSERT INTO `classroom` VALUES (27, '赛罕校区', '行知楼', '32', 1, 60);
INSERT INTO `classroom` VALUES (28, '赛罕校区', '行知楼', '22', 0, 60);
INSERT INTO `classroom` VALUES (29, '盛乐校区', '行知楼', '35', 1, 60);
INSERT INTO `classroom` VALUES (30, '赛罕校区', '科技楼', '39', 1, 60);
INSERT INTO `classroom` VALUES (31, '赛罕校区', '行知楼', '0', 1, 60);
INSERT INTO `classroom` VALUES (32, '盛乐校区', '科技楼', '17', 0, 60);
INSERT INTO `classroom` VALUES (33, '盛乐校区', '行知楼', '25', 1, 60);
INSERT INTO `classroom` VALUES (34, '赛罕校区', '科技楼', '9', 1, 60);
INSERT INTO `classroom` VALUES (35, '赛罕校区', '科技楼', '10', 1, 60);
INSERT INTO `classroom` VALUES (36, '盛乐校区', '科技楼', '10', 1, 60);
INSERT INTO `classroom` VALUES (37, '盛乐校区', '行知楼', '29', 0, 60);
INSERT INTO `classroom` VALUES (38, '盛乐校区', '行知楼', '18', 0, 60);
INSERT INTO `classroom` VALUES (39, '盛乐校区', '行知楼', '12', 0, 60);
INSERT INTO `classroom` VALUES (40, '赛罕校区', '行知楼', '38', 1, 60);
INSERT INTO `classroom` VALUES (41, '赛罕校区', '行知楼', '6', 0, 60);
INSERT INTO `classroom` VALUES (42, '赛罕校区', '科技楼', '28', 1, 60);
INSERT INTO `classroom` VALUES (43, '盛乐校区', '行知楼', '5', 0, 60);
INSERT INTO `classroom` VALUES (44, '盛乐校区', '科技楼', '18', 1, 60);
INSERT INTO `classroom` VALUES (45, '赛罕校区', '行知楼', '40', 0, 60);
INSERT INTO `classroom` VALUES (46, '盛乐校区', '行知楼', '12', 1, 60);
INSERT INTO `classroom` VALUES (47, '盛乐校区', '行知楼', '9', 0, 60);
INSERT INTO `classroom` VALUES (48, '盛乐校区', '科技楼', '23', 0, 60);
INSERT INTO `classroom` VALUES (49, '赛罕校区', '科技楼', '3', 0, 60);
INSERT INTO `classroom` VALUES (50, '盛乐校区', '行知楼', '15', 1, 60);
INSERT INTO `classroom` VALUES (51, '赛罕校区', '行知楼', '30', 1, 60);
INSERT INTO `classroom` VALUES (52, '赛罕校区', '科技楼', '9', 0, 60);
INSERT INTO `classroom` VALUES (53, '盛乐校区', '行知楼', '15', 1, 60);
INSERT INTO `classroom` VALUES (54, '赛罕校区', '科技楼', '21', 1, 60);
INSERT INTO `classroom` VALUES (55, '赛罕校区', '行知楼', '24', 0, 60);
INSERT INTO `classroom` VALUES (56, '赛罕校区', '行知楼', '23', 1, 60);
INSERT INTO `classroom` VALUES (57, '赛罕校区', '科技楼', '33', 0, 60);
INSERT INTO `classroom` VALUES (58, '盛乐校区', '科技楼', '21', 0, 60);
INSERT INTO `classroom` VALUES (59, '盛乐校区', '行知楼', '25', 0, 60);
INSERT INTO `classroom` VALUES (60, '盛乐校区', '行知楼', '31', 0, 60);
INSERT INTO `classroom` VALUES (61, '赛罕校区', '行知楼', '13', 1, 60);
INSERT INTO `classroom` VALUES (62, '赛罕校区', '行知楼', '13', 0, 60);
INSERT INTO `classroom` VALUES (63, '赛罕校区', '行知楼', '33', 0, 60);
INSERT INTO `classroom` VALUES (64, '盛乐校区', '行知楼', '27', 0, 60);
INSERT INTO `classroom` VALUES (65, '盛乐校区', '科技楼', '2', 0, 60);
INSERT INTO `classroom` VALUES (66, '盛乐校区', '行知楼', '34', 0, 60);
INSERT INTO `classroom` VALUES (67, '盛乐校区', '科技楼', '28', 0, 60);
INSERT INTO `classroom` VALUES (68, '赛罕校区', '科技楼', '17', 0, 60);
INSERT INTO `classroom` VALUES (69, '盛乐校区', '行知楼', '15', 0, 60);
INSERT INTO `classroom` VALUES (70, '赛罕校区', '科技楼', '4', 1, 60);
INSERT INTO `classroom` VALUES (71, '赛罕校区', '行知楼', '8', 0, 60);
INSERT INTO `classroom` VALUES (72, '盛乐校区', '行知楼', '6', 0, 60);
INSERT INTO `classroom` VALUES (73, '赛罕校区', '行知楼', '29', 0, 60);
INSERT INTO `classroom` VALUES (74, '盛乐校区', '行知楼', '15', 0, 60);
INSERT INTO `classroom` VALUES (75, '赛罕校区', '科技楼', '17', 1, 60);
INSERT INTO `classroom` VALUES (76, '赛罕校区', '科技楼', '11', 1, 60);
INSERT INTO `classroom` VALUES (77, '赛罕校区', '行知楼', '35', 0, 60);
INSERT INTO `classroom` VALUES (78, '盛乐校区', '科技楼', '37', 1, 60);
INSERT INTO `classroom` VALUES (79, '赛罕校区', '科技楼', '14', 1, 60);
INSERT INTO `classroom` VALUES (80, '赛罕校区', '行知楼', '32', 1, 60);
INSERT INTO `classroom` VALUES (81, '赛罕校区', '科技楼', '37', 1, 60);
INSERT INTO `classroom` VALUES (82, '赛罕校区', '行知楼', '18', 1, 60);
INSERT INTO `classroom` VALUES (83, '盛乐校区', '科技楼', '3', 1, 60);
INSERT INTO `classroom` VALUES (84, '盛乐校区', '行知楼', '15', 1, 60);
INSERT INTO `classroom` VALUES (85, '赛罕校区', '科技楼', '35', 0, 60);
INSERT INTO `classroom` VALUES (86, '盛乐校区', '行知楼', '23', 0, 60);
INSERT INTO `classroom` VALUES (87, '盛乐校区', '科技楼', '37', 0, 60);
INSERT INTO `classroom` VALUES (88, '赛罕校区', '行知楼', '16', 0, 60);
INSERT INTO `classroom` VALUES (89, '赛罕校区', '行知楼', '4', 1, 60);
INSERT INTO `classroom` VALUES (90, '盛乐校区', '科技楼', '21', 1, 60);
INSERT INTO `classroom` VALUES (91, '赛罕校区', '行知楼', '31', 1, 60);
INSERT INTO `classroom` VALUES (92, '盛乐校区', '行知楼', '15', 0, 60);
INSERT INTO `classroom` VALUES (93, '赛罕校区', '科技楼', '33', 0, 60);
INSERT INTO `classroom` VALUES (94, '盛乐校区', '行知楼', '39', 1, 60);
INSERT INTO `classroom` VALUES (95, '赛罕校区', '行知楼', '10', 1, 60);
INSERT INTO `classroom` VALUES (96, '赛罕校区', '科技楼', '6', 0, 60);
INSERT INTO `classroom` VALUES (97, '盛乐校区', '科技楼', '1', 1, 60);
INSERT INTO `classroom` VALUES (98, '赛罕校区', '行知楼', '33', 0, 60);
INSERT INTO `classroom` VALUES (99, '盛乐校区', '行知楼', '24', 0, 60);
INSERT INTO `classroom` VALUES (100, '盛乐校区', '科技楼', '14', 1, 60);
INSERT INTO `classroom` VALUES (101, '赛罕校区', '科技楼', '30', 1, 60);
INSERT INTO `classroom` VALUES (102, '赛罕校区', '科技楼', '11', 0, 60);
COMMIT;

-- ----------------------------
-- Table structure for college
-- ----------------------------
DROP TABLE IF EXISTS `college`;
CREATE TABLE `college` (
  `college_id` int NOT NULL AUTO_INCREMENT COMMENT '学院id',
  `college_name` varchar(255) CHARACTER SET utf8 COLLATE utf8_general_ci DEFAULT NULL COMMENT '学院名称',
  `timest` varchar(50) DEFAULT NULL,
  PRIMARY KEY (`college_id`) USING BTREE
) ENGINE=MyISAM AUTO_INCREMENT=34 DEFAULT CHARSET=utf8 ROW_FORMAT=DYNAMIC COMMENT='学院';

-- ----------------------------
-- Records of college
-- ----------------------------
BEGIN;
INSERT INTO `college` VALUES (1, 'innerme', '2020.1.9');
INSERT INTO `college` VALUES (2, '研究生院', '2014.3.6');
INSERT INTO `college` VALUES (3, '教育学院', '2015.5.6');
INSERT INTO `college` VALUES (4, '民族学人类学学院', '2018.6.5');
INSERT INTO `college` VALUES (5, '蒙古学学院', '2017.5.6');
INSERT INTO `college` VALUES (6, '文学院', '2016.4.5');
INSERT INTO `college` VALUES (7, '新闻传播学院', '2013.4.5');
INSERT INTO `college` VALUES (8, '马克思主义学院', '2017.4.7');
INSERT INTO `college` VALUES (9, '历史文化学院', '2016.4.12');
INSERT INTO `college` VALUES (10, '法政学院', '2014.4.5');
INSERT INTO `college` VALUES (11, '经济管理学院', '2013.9.15');
INSERT INTO `college` VALUES (12, '政府管理学院', '2016.3.16');
INSERT INTO `college` VALUES (13, '旅游学院', '2017.5.16');
INSERT INTO `college` VALUES (14, '外国语学院', '2014.8.20');
INSERT INTO `college` VALUES (15, '数学科学学院', '2016.2.3');
INSERT INTO `college` VALUES (16, '物理与电子信息学院', '2020.2.3');
INSERT INTO `college` VALUES (17, '化学与环境科学学院', '2018.6.3');
INSERT INTO `college` VALUES (18, '生命科学与技术学院', '2016.4.9');
INSERT INTO `college` VALUES (19, '地理科学学院', '2018.8.25');
INSERT INTO `college` VALUES (20, '计算机科学技术学院', '2018.5.7');
INSERT INTO `college` VALUES (21, '心理学院', '2016.10.10');
INSERT INTO `college` VALUES (22, '音乐学院', '2019.6.25');
INSERT INTO `college` VALUES (23, '体育学院', '2016.4.19');
INSERT INTO `college` VALUES (24, '美术学院', '2016.3.1');
INSERT INTO `college` VALUES (25, '国际设计艺术学院', '2019.4.7');
INSERT INTO `college` VALUES (26, '工艺美术学院', '2016.2.5');
INSERT INTO `college` VALUES (27, '国际交流学院', '2015.6.5');
INSERT INTO `college` VALUES (28, '继续教育学院', '2014.4.7');
INSERT INTO `college` VALUES (29, '二连国际学院', '2016.3.8');
INSERT INTO `college` VALUES (30, '科学技术史研究院', '2016.2.5');
COMMIT;

-- ----------------------------
-- Table structure for course
-- ----------------------------
DROP TABLE IF EXISTS `course`;
CREATE TABLE `course` (
  `course_id` int NOT NULL AUTO_INCREMENT COMMENT '课程id',
  `course_name` varchar(255) CHARACTER SET utf8 COLLATE utf8_general_ci DEFAULT NULL COMMENT '课程名称',
  `content` text CHARACTER SET utf8 COLLATE utf8_general_ci COMMENT '课程简介',
  `outline` text CHARACTER SET utf8 COLLATE utf8_general_ci COMMENT '教学大纲',
  `hour` int DEFAULT NULL COMMENT '学时',
  `college_id` int DEFAULT NULL COMMENT '学院id',
  `pid` int DEFAULT NULL COMMENT '先导课程id',
  `choose_type` tinyint(1) DEFAULT NULL COMMENT '课程性质：1必修；2限选；3任选',
  `classroom_type` tinyint DEFAULT NULL COMMENT '教室类型',
  PRIMARY KEY (`course_id`) USING BTREE
) ENGINE=MyISAM AUTO_INCREMENT=99093 DEFAULT CHARSET=utf8 ROW_FORMAT=DYNAMIC COMMENT='课程';

-- ----------------------------
-- Records of course
-- ----------------------------
BEGIN;
INSERT INTO `course` VALUES (54282, 'Java程序设计高级', NULL, NULL, 3, 29, NULL, 4, 1);
INSERT INTO `course` VALUES (22047, 'java实训', NULL, NULL, 2, 15, NULL, 4, 0);
INSERT INTO `course` VALUES (50156, 'JavaWeb程序设计', NULL, NULL, 3, 30, NULL, 4, 1);
INSERT INTO `course` VALUES (33768, 'Javaweb程序设计实验', NULL, NULL, 2, 21, NULL, 4, 1);
INSERT INTO `course` VALUES (30236, 'JavaWeb实训', NULL, NULL, 1, 19, NULL, 4, 1);
INSERT INTO `course` VALUES (22979, '移动互联开发实践', NULL, NULL, 2, 7, NULL, 4, 0);
INSERT INTO `course` VALUES (87733, 'WEB前端开发实践', NULL, NULL, 2, 23, NULL, 4, 2);
INSERT INTO `course` VALUES (98809, '大数据开发技术', NULL, NULL, 3, 5, NULL, 4, 2);
INSERT INTO `course` VALUES (53104, '大数据开发技术实验', NULL, NULL, 1, 4, NULL, 4, 1);
INSERT INTO `course` VALUES (59151, '分布式编程技术', NULL, NULL, 3, 30, NULL, 4, 1);
INSERT INTO `course` VALUES (32923, '分布式编程技术实验', NULL, NULL, 1, 23, NULL, 4, 1);
INSERT INTO `course` VALUES (18055, '企业级开发技术', NULL, NULL, 3, 19, NULL, 4, 0);
INSERT INTO `course` VALUES (20386, '企业级开发技术实验', NULL, NULL, 1, 25, NULL, 4, 1);
INSERT INTO `course` VALUES (28819, '企业级开发技术实训', NULL, NULL, 2, 4, NULL, 4, 1);
INSERT INTO `course` VALUES (95575, '思想道德修养与法律基础', NULL, NULL, 3, 18, NULL, 1, 1);
INSERT INTO `course` VALUES (39611, '民族理论与民族政策', NULL, NULL, 2, 24, NULL, 1, 0);
INSERT INTO `course` VALUES (25351, '外语1', NULL, NULL, 2, 4, NULL, 1, 1);
INSERT INTO `course` VALUES (45005, '心理健康教育', NULL, NULL, 2, 28, NULL, 1, 1);
INSERT INTO `course` VALUES (37316, '军事理论', NULL, NULL, 2, 18, NULL, 1, 0);
INSERT INTO `course` VALUES (68634, '军事训练', NULL, NULL, 1, 15, NULL, 1, 1);
INSERT INTO `course` VALUES (60146, '大学体育（全部学期修够4次）', NULL, NULL, 2, 4, NULL, 1, 0);
INSERT INTO `course` VALUES (63243, '高等数学（一）', NULL, NULL, 4, 29, NULL, 1, 2);
INSERT INTO `course` VALUES (81469, 'C语言程序设计', NULL, NULL, 3, 4, NULL, 2, 1);
INSERT INTO `course` VALUES (40259, '形势与政策（8个学期全部开课）', NULL, NULL, 2, 28, NULL, 1, 1);
INSERT INTO `course` VALUES (75458, '中国近现代史纲要', NULL, NULL, 3, 27, NULL, 1, 2);
INSERT INTO `course` VALUES (60704, '外语2', NULL, NULL, 2, 8, NULL, 1, 0);
INSERT INTO `course` VALUES (69113, '高等数学（二）', NULL, NULL, 4, 22, NULL, 1, 2);
INSERT INTO `course` VALUES (57839, '线性代数', NULL, NULL, 3, 24, NULL, 1, 2);
INSERT INTO `course` VALUES (98412, '程序设计综合训练', NULL, NULL, 3, 3, NULL, 2, 1);
INSERT INTO `course` VALUES (35160, '马克思主义基本原理', NULL, NULL, 3, 4, NULL, 1, 2);
INSERT INTO `course` VALUES (36704, '毛泽东思想和中国特色社会主义理论体系概论', NULL, NULL, 5, 4, NULL, 1, 1);
INSERT INTO `course` VALUES (78687, '外语3', NULL, NULL, 2, 23, NULL, 1, 0);
INSERT INTO `course` VALUES (18387, '概率论与数理统计', NULL, NULL, 3, 28, NULL, 1, 1);
INSERT INTO `course` VALUES (79747, '数据结构与算法', NULL, NULL, 4, 29, NULL, 2, 2);
INSERT INTO `course` VALUES (91671, '数据结构与算法实验', NULL, NULL, 1, 2, NULL, 2, 2);
INSERT INTO `course` VALUES (97188, '数据库系统应用', NULL, NULL, 2, 10, NULL, 2, 2);
INSERT INTO `course` VALUES (18788, '外语4', NULL, NULL, 2, 1, NULL, 1, 1);
INSERT INTO `course` VALUES (20428, '计算机组成原理', NULL, NULL, 4, 16, NULL, 2, 2);
INSERT INTO `course` VALUES (61362, '计算机组成原理实验', NULL, NULL, 1, 21, NULL, 2, 2);
INSERT INTO `course` VALUES (49806, '数据库系统原理', NULL, NULL, 2, 1, NULL, 2, 0);
INSERT INTO `course` VALUES (49949, '数据库系统原理实验', NULL, NULL, 1, 1, NULL, 2, 0);
INSERT INTO `course` VALUES (51579, '大学生就业指导', NULL, NULL, 1, 16, NULL, 1, 0);
INSERT INTO `course` VALUES (64236, '大学生创新创业指导', NULL, NULL, 1, 7, NULL, 1, 2);
INSERT INTO `course` VALUES (54796, '计算机网络', NULL, NULL, 4, 7, NULL, 2, 0);
INSERT INTO `course` VALUES (76583, '计算机网络实验', NULL, NULL, 1, 17, NULL, 2, 1);
INSERT INTO `course` VALUES (56159, '操作系统', NULL, NULL, 4, 19, NULL, 2, 1);
INSERT INTO `course` VALUES (76961, '操作系统实验', NULL, NULL, 1, 29, NULL, 2, 1);
INSERT INTO `course` VALUES (33638, '软件工程系列课问题', NULL, NULL, NULL, 27, NULL, 2, 2);
INSERT INTO `course` VALUES (47750, '软件工程', NULL, NULL, 2, 14, NULL, 2, 2);
INSERT INTO `course` VALUES (59272, '软件工程实验', NULL, NULL, 1, 27, NULL, 2, 2);
INSERT INTO `course` VALUES (91806, '专业实习', NULL, NULL, 3, 22, NULL, 1, 2);
INSERT INTO `course` VALUES (75842, '毕业设计（论文）', NULL, NULL, 3, 9, NULL, 1, 2);
INSERT INTO `course` VALUES (22113, 'ICPC算法实战入门', NULL, NULL, 2, 6, NULL, 3, 1);
INSERT INTO `course` VALUES (93017, '专业导论（新生研讨课）', NULL, NULL, 2, 21, NULL, 3, 1);
INSERT INTO `course` VALUES (20646, '公共礼仪', NULL, NULL, 1, 8, NULL, 3, 0);
INSERT INTO `course` VALUES (79852, '音乐鉴赏', NULL, NULL, 1, 13, NULL, 3, 2);
INSERT INTO `course` VALUES (99092, '科技创新实践（一）', NULL, NULL, 2, 6, NULL, 3, 2);
INSERT INTO `course` VALUES (67296, '专业见习', NULL, NULL, 1, 10, NULL, 3, 2);
INSERT INTO `course` VALUES (45128, '计算机组装与维修', NULL, NULL, 1, 25, NULL, 3, 0);
INSERT INTO `course` VALUES (66394, 'ICPC算法实战提高', NULL, NULL, 2, 25, NULL, 3, 1);
INSERT INTO `course` VALUES (94415, '数字媒体艺术基础', NULL, NULL, 1, 23, NULL, 3, 2);
INSERT INTO `course` VALUES (51559, '摄影摄像通识', NULL, NULL, 1, 25, NULL, 3, 2);
INSERT INTO `course` VALUES (47532, '科技创新实践（二）', NULL, NULL, 2, 8, NULL, 3, 2);
INSERT INTO `course` VALUES (69350, '书法', NULL, NULL, 1, 5, NULL, 3, 2);
INSERT INTO `course` VALUES (21277, '机器人导论', NULL, NULL, 1, 20, NULL, 3, 2);
INSERT INTO `course` VALUES (42745, '人文历史通识', NULL, NULL, 2, 1, NULL, 3, 0);
INSERT INTO `course` VALUES (34002, '应用文写作基础', NULL, NULL, 2, 5, NULL, 3, 0);
INSERT INTO `course` VALUES (64574, '科技创新实践（三）', NULL, NULL, 2, 24, NULL, 3, 0);
INSERT INTO `course` VALUES (21222, '专业研习', NULL, NULL, 2, 23, NULL, 3, 1);
INSERT INTO `course` VALUES (80261, '离散数学', NULL, NULL, 3, 25, NULL, 4, 2);
INSERT INTO `course` VALUES (41552, '大学物理一', NULL, NULL, NULL, 22, NULL, 4, 2);
INSERT INTO `course` VALUES (83371, '电路与电子技术', NULL, NULL, 3, 28, NULL, 4, 0);
INSERT INTO `course` VALUES (82636, '电路与电子技术实验', NULL, NULL, 1, 1, NULL, 4, 2);
INSERT INTO `course` VALUES (33100, 'Java程序设计初级', NULL, NULL, 3, 22, NULL, 4, 1);
INSERT INTO `course` VALUES (37392, '大学物理二', NULL, NULL, NULL, 15, NULL, 4, 1);
INSERT INTO `course` VALUES (60638, '专业综合实训（基地完成 7月开始-9月结束 10周左右）', NULL, NULL, 3, 11, NULL, 4, 0);
INSERT INTO `course` VALUES (95009, '工程数学进阶', NULL, NULL, NULL, 27, NULL, 4, 0);
COMMIT;

-- ----------------------------
-- Table structure for course_class
-- ----------------------------
DROP TABLE IF EXISTS `course_class`;
CREATE TABLE `course_class` (
  `cc_id` int NOT NULL AUTO_INCREMENT COMMENT '教学班id',
  `course_id` int DEFAULT NULL COMMENT '课程id',
  `teacher_id` int DEFAULT NULL COMMENT '教师id',
  `contain_num` int DEFAULT NULL COMMENT '容纳人数',
  `choose_num` int DEFAULT NULL COMMENT '已选人数',
  `time` varchar(100) CHARACTER SET utf8 COLLATE utf8_general_ci DEFAULT NULL COMMENT '上课时间',
  `classroom_id` int DEFAULT NULL COMMENT '上课地点id',
  PRIMARY KEY (`cc_id`) USING BTREE
) ENGINE=MyISAM AUTO_INCREMENT=232 DEFAULT CHARSET=utf8 ROW_FORMAT=DYNAMIC COMMENT='教学班';

-- ----------------------------
-- Records of course_class
-- ----------------------------
BEGIN;
INSERT INTO `course_class` VALUES (76, 60638, 751, 98, 92, 'Fri Jun 11 2021 17:40:23 GMT+0800 (China Standard Time)', 42);
INSERT INTO `course_class` VALUES (77, 95009, 94, 47, 46, 'Sat Jun 12 2021 05:28:34 GMT+0800 (China Standard Time)', 10);
INSERT INTO `course_class` VALUES (75, 37392, 977, 18, 12, 'Sat Jun 12 2021 06:51:52 GMT+0800 (China Standard Time)', 19);
INSERT INTO `course_class` VALUES (74, 33100, 746, 67, 66, 'Sat Jun 12 2021 15:16:55 GMT+0800 (China Standard Time)', 79);
INSERT INTO `course_class` VALUES (73, 82636, 512, 30, 3, 'Fri Jun 11 2021 17:25:37 GMT+0800 (China Standard Time)', 79);
INSERT INTO `course_class` VALUES (72, 83371, 824, 79, 79, 'Sat Jun 12 2021 11:15:40 GMT+0800 (China Standard Time)', 65);
INSERT INTO `course_class` VALUES (70, 80261, 170, 39, 37, 'Sat Jun 12 2021 00:07:21 GMT+0800 (China Standard Time)', 6);
INSERT INTO `course_class` VALUES (71, 41552, 737, 23, 23, 'Sat Jun 12 2021 15:12:26 GMT+0800 (China Standard Time)', 51);
INSERT INTO `course_class` VALUES (69, 21222, 239, 97, 94, 'Sat Jun 12 2021 00:18:10 GMT+0800 (China Standard Time)', 20);
INSERT INTO `course_class` VALUES (68, 64574, 126, 58, 56, 'Sat Jun 12 2021 11:30:56 GMT+0800 (China Standard Time)', 28);
INSERT INTO `course_class` VALUES (67, 34002, 154, 36, 31, 'Sat Jun 12 2021 11:11:27 GMT+0800 (China Standard Time)', 62);
INSERT INTO `course_class` VALUES (65, 21277, 14, 68, 63, 'Sat Jun 12 2021 10:56:08 GMT+0800 (China Standard Time)', 100);
INSERT INTO `course_class` VALUES (66, 42745, 249, 46, 38, 'Fri Jun 11 2021 16:29:39 GMT+0800 (China Standard Time)', 10);
INSERT INTO `course_class` VALUES (64, 69350, 37, 50, 48, 'Sat Jun 12 2021 06:54:42 GMT+0800 (China Standard Time)', 35);
INSERT INTO `course_class` VALUES (63, 47532, 429, 5, 0, 'Fri Jun 11 2021 16:51:23 GMT+0800 (China Standard Time)', 89);
INSERT INTO `course_class` VALUES (62, 51559, 295, 100, 0, 'Fri Jun 11 2021 23:51:02 GMT+0800 (China Standard Time)', 101);
INSERT INTO `course_class` VALUES (60, 66394, 275, 74, 69, 'Sat Jun 12 2021 05:54:43 GMT+0800 (China Standard Time)', 101);
INSERT INTO `course_class` VALUES (61, 94415, 558, 20, 0, 'Sat Jun 12 2021 16:04:13 GMT+0800 (China Standard Time)', 81);
INSERT INTO `course_class` VALUES (59, 45128, 806, 93, 86, 'Sat Jun 12 2021 09:57:54 GMT+0800 (China Standard Time)', 54);
INSERT INTO `course_class` VALUES (58, 67296, 839, 71, 68, 'Sat Jun 12 2021 03:15:25 GMT+0800 (China Standard Time)', 92);
INSERT INTO `course_class` VALUES (57, 99092, 590, 94, 92, 'Fri Jun 11 2021 16:21:32 GMT+0800 (China Standard Time)', 20);
INSERT INTO `course_class` VALUES (55, 20646, 583, 10, 10, 'Sat Jun 12 2021 12:39:45 GMT+0800 (China Standard Time)', 93);
INSERT INTO `course_class` VALUES (56, 79852, 200, 27, 27, 'Fri Jun 11 2021 20:21:15 GMT+0800 (China Standard Time)', 18);
INSERT INTO `course_class` VALUES (54, 93017, 319, 31, 26, 'Fri Jun 11 2021 22:02:17 GMT+0800 (China Standard Time)', 60);
INSERT INTO `course_class` VALUES (53, 22113, 168, 63, 55, 'Sat Jun 12 2021 04:19:38 GMT+0800 (China Standard Time)', 94);
INSERT INTO `course_class` VALUES (51, 91806, 42, 18, 9, 'Sat Jun 12 2021 13:04:29 GMT+0800 (China Standard Time)', 61);
INSERT INTO `course_class` VALUES (52, 75842, 529, 25, 20, 'Sat Jun 12 2021 02:27:54 GMT+0800 (China Standard Time)', 102);
INSERT INTO `course_class` VALUES (50, 59272, 101, 33, 26, 'Fri Jun 11 2021 17:52:50 GMT+0800 (China Standard Time)', 61);
INSERT INTO `course_class` VALUES (49, 47750, 392, 48, 40, 'Sat Jun 12 2021 03:00:00 GMT+0800 (China Standard Time)', 46);
INSERT INTO `course_class` VALUES (48, 33638, 528, 45, 43, 'Sat Jun 12 2021 01:32:24 GMT+0800 (China Standard Time)', 4);
INSERT INTO `course_class` VALUES (47, 76961, 544, 28, 21, 'Sat Jun 12 2021 14:57:38 GMT+0800 (China Standard Time)', 75);
INSERT INTO `course_class` VALUES (46, 56159, 941, 68, 60, 'Fri Jun 11 2021 21:05:55 GMT+0800 (China Standard Time)', 74);
INSERT INTO `course_class` VALUES (45, 76583, 370, 29, 25, 'Sat Jun 12 2021 07:10:42 GMT+0800 (China Standard Time)', 18);
INSERT INTO `course_class` VALUES (44, 54796, 384, 44, 36, 'Fri Jun 11 2021 22:00:49 GMT+0800 (China Standard Time)', 80);
INSERT INTO `course_class` VALUES (43, 64236, 335, 82, 75, 'Sat Jun 12 2021 13:30:51 GMT+0800 (China Standard Time)', 102);
INSERT INTO `course_class` VALUES (42, 51579, 760, 37, 36, 'Sat Jun 12 2021 02:40:29 GMT+0800 (China Standard Time)', 11);
INSERT INTO `course_class` VALUES (41, 49949, 792, 59, 51, 'Sat Jun 12 2021 09:49:20 GMT+0800 (China Standard Time)', 31);
INSERT INTO `course_class` VALUES (40, 49806, 411, 44, 42, 'Sat Jun 12 2021 07:09:04 GMT+0800 (China Standard Time)', 19);
INSERT INTO `course_class` VALUES (39, 61362, 266, 70, 70, 'Fri Jun 11 2021 20:24:52 GMT+0800 (China Standard Time)', 82);
INSERT INTO `course_class` VALUES (38, 20428, 333, 17, 14, 'Sat Jun 12 2021 12:34:23 GMT+0800 (China Standard Time)', 3);
INSERT INTO `course_class` VALUES (37, 18788, 825, 99, 91, 'Fri Jun 11 2021 23:15:32 GMT+0800 (China Standard Time)', 51);
INSERT INTO `course_class` VALUES (36, 97188, 469, 4, 2, 'Fri Jun 11 2021 17:32:09 GMT+0800 (China Standard Time)', 88);
INSERT INTO `course_class` VALUES (35, 91671, 651, 28, 23, 'Sat Jun 12 2021 10:35:10 GMT+0800 (China Standard Time)', 13);
INSERT INTO `course_class` VALUES (34, 79747, 561, 62, 56, 'Sat Jun 12 2021 08:44:50 GMT+0800 (China Standard Time)', 51);
INSERT INTO `course_class` VALUES (33, 18387, 536, 27, 27, 'Sat Jun 12 2021 14:59:33 GMT+0800 (China Standard Time)', 10);
INSERT INTO `course_class` VALUES (32, 78687, 314, 85, 77, 'Sat Jun 12 2021 06:21:16 GMT+0800 (China Standard Time)', 81);
INSERT INTO `course_class` VALUES (31, 36704, 150, 92, 90, 'Sat Jun 12 2021 15:52:50 GMT+0800 (China Standard Time)', 48);
INSERT INTO `course_class` VALUES (30, 35160, 867, 47, 45, 'Sat Jun 12 2021 04:21:27 GMT+0800 (China Standard Time)', 49);
INSERT INTO `course_class` VALUES (29, 98412, 91, 21, 14, 'Sat Jun 12 2021 12:00:01 GMT+0800 (China Standard Time)', 25);
INSERT INTO `course_class` VALUES (28, 57839, 580, 7, 2, 'Sat Jun 12 2021 01:13:18 GMT+0800 (China Standard Time)', 74);
INSERT INTO `course_class` VALUES (27, 69113, 637, 82, 82, 'Sat Jun 12 2021 08:59:09 GMT+0800 (China Standard Time)', 77);
INSERT INTO `course_class` VALUES (1, 60704, 768, 76, 68, 'Fri Jun 11 2021 21:16:35 GMT+0800 (China Standard Time)', 60);
INSERT INTO `course_class` VALUES (2, 75458, 291, 76, 70, 'Fri Jun 11 2021 23:11:22 GMT+0800 (China Standard Time)', 54);
INSERT INTO `course_class` VALUES (3, 40259, 269, 64, 61, 'Sat Jun 12 2021 00:31:36 GMT+0800 (China Standard Time)', 99);
INSERT INTO `course_class` VALUES (4, 81469, 506, 60, 60, 'Fri Jun 11 2021 20:32:23 GMT+0800 (China Standard Time)', 43);
INSERT INTO `course_class` VALUES (5, 63243, 94, 13, 10, 'Sat Jun 12 2021 04:19:18 GMT+0800 (China Standard Time)', 33);
INSERT INTO `course_class` VALUES (6, 60146, 798, 80, 8, 'Fri Jun 11 2021 17:35:03 GMT+0800 (China Standard Time)', 81);
INSERT INTO `course_class` VALUES (7, 68634, 499, 66, 63, 'Fri Jun 11 2021 22:44:33 GMT+0800 (China Standard Time)', 52);
INSERT INTO `course_class` VALUES (8, 37316, 391, 81, 72, 'Sat Jun 12 2021 11:07:28 GMT+0800 (China Standard Time)', 24);
INSERT INTO `course_class` VALUES (9, 45005, 570, 90, 87, 'Sat Jun 12 2021 08:48:46 GMT+0800 (China Standard Time)', 47);
INSERT INTO `course_class` VALUES (10, 25351, 413, 59, 56, 'Fri Jun 11 2021 21:10:05 GMT+0800 (China Standard Time)', 5);
INSERT INTO `course_class` VALUES (11, 39611, 885, 49, 44, 'Fri Jun 11 2021 18:10:12 GMT+0800 (China Standard Time)', 57);
INSERT INTO `course_class` VALUES (12, 95575, 310, 58, 51, 'Sat Jun 12 2021 01:24:07 GMT+0800 (China Standard Time)', 31);
INSERT INTO `course_class` VALUES (13, 28819, 290, 61, 60, 'Sat Jun 12 2021 00:22:12 GMT+0800 (China Standard Time)', 39);
INSERT INTO `course_class` VALUES (14, 20386, 1, 62, 55, 'Sat Jun 12 2021 00:10:03 GMT+0800 (China Standard Time)', 20);
INSERT INTO `course_class` VALUES (15, 18055, 562, 76, 68, 'Fri Jun 11 2021 18:09:49 GMT+0800 (China Standard Time)', 77);
INSERT INTO `course_class` VALUES (16, 32923, 486, 90, 84, 'Sat Jun 12 2021 08:20:16 GMT+0800 (China Standard Time)', 42);
INSERT INTO `course_class` VALUES (17, 59151, 323, 32, 32, 'Sat Jun 12 2021 06:45:22 GMT+0800 (China Standard Time)', 62);
INSERT INTO `course_class` VALUES (18, 53104, 444, 39, 39, 'Sat Jun 12 2021 08:00:09 GMT+0800 (China Standard Time)', 85);
INSERT INTO `course_class` VALUES (19, 98809, 507, 16, 12, 'Sat Jun 12 2021 03:20:37 GMT+0800 (China Standard Time)', 97);
INSERT INTO `course_class` VALUES (20, 87733, 399, 85, 77, 'Sat Jun 12 2021 16:20:18 GMT+0800 (China Standard Time)', 47);
INSERT INTO `course_class` VALUES (21, 22979, 473, 28, 26, 'Sat Jun 12 2021 11:14:39 GMT+0800 (China Standard Time)', 36);
INSERT INTO `course_class` VALUES (22, 30236, 423, 38, 35, 'Sat Jun 12 2021 10:41:11 GMT+0800 (China Standard Time)', 14);
INSERT INTO `course_class` VALUES (23, 33768, 548, 50, 43, 'Fri Jun 11 2021 18:12:59 GMT+0800 (China Standard Time)', 86);
INSERT INTO `course_class` VALUES (24, 50156, 331, 45, 41, 'Sat Jun 12 2021 01:36:43 GMT+0800 (China Standard Time)', 5);
INSERT INTO `course_class` VALUES (25, 22047, 785, 34, 28, 'Sat Jun 12 2021 12:19:44 GMT+0800 (China Standard Time)', 87);
INSERT INTO `course_class` VALUES (26, 54282, 178, 61, 59, 'Sat Jun 12 2021 13:49:08 GMT+0800 (China Standard Time)', 14);
COMMIT;

-- ----------------------------
-- Table structure for course_selection
-- ----------------------------
DROP TABLE IF EXISTS `course_selection`;
CREATE TABLE `course_selection` (
  `cs_id` int NOT NULL COMMENT '选课id',
  `student_id` int DEFAULT NULL COMMENT '学生id',
  `cc_id` int DEFAULT NULL COMMENT '教学班id',
  `teacher_score` int DEFAULT NULL COMMENT '学生评价教师分数',
  `student_score` int DEFAULT NULL COMMENT '学生该课程期末分数',
  PRIMARY KEY (`cs_id`) USING BTREE
) ENGINE=MyISAM DEFAULT CHARSET=utf8 ROW_FORMAT=FIXED COMMENT='选课';

-- ----------------------------
-- Records of course_selection
-- ----------------------------
BEGIN;
INSERT INTO `course_selection` VALUES (5, 107, 41, 41, 22);
INSERT INTO `course_selection` VALUES (4, 81, 47, 13, 23);
INSERT INTO `course_selection` VALUES (3, 23, 28, 97, 97);
INSERT INTO `course_selection` VALUES (2, 54, 72, 7, 2);
INSERT INTO `course_selection` VALUES (1, 63, 13, 32, 101);
INSERT INTO `course_selection` VALUES (0, 32, 60, 37, 98);
INSERT INTO `course_selection` VALUES (6, 172, 3, 11, 51);
INSERT INTO `course_selection` VALUES (7, 110, 15, 66, 12);
INSERT INTO `course_selection` VALUES (8, 62, 61, 78, 90);
INSERT INTO `course_selection` VALUES (9, 52, 34, 82, 72);
INSERT INTO `course_selection` VALUES (10, 152, 42, 79, 10);
INSERT INTO `course_selection` VALUES (11, 135, 35, 68, 56);
INSERT INTO `course_selection` VALUES (12, 65, 60, 27, 61);
INSERT INTO `course_selection` VALUES (13, 126, 36, 48, 41);
INSERT INTO `course_selection` VALUES (14, 168, 74, 8, 52);
INSERT INTO `course_selection` VALUES (15, 54, 28, 84, 16);
INSERT INTO `course_selection` VALUES (16, 144, 7, 91, 23);
INSERT INTO `course_selection` VALUES (17, 155, 67, 20, 84);
INSERT INTO `course_selection` VALUES (18, 129, 75, 56, 24);
INSERT INTO `course_selection` VALUES (19, 156, 49, 58, 7);
INSERT INTO `course_selection` VALUES (20, 109, 38, 44, 22);
INSERT INTO `course_selection` VALUES (21, 164, 24, 100, 0);
INSERT INTO `course_selection` VALUES (22, 83, 31, 97, 5);
INSERT INTO `course_selection` VALUES (23, 89, 66, 77, 8);
INSERT INTO `course_selection` VALUES (24, 108, 66, 0, 29);
INSERT INTO `course_selection` VALUES (25, 32, 15, 41, 72);
INSERT INTO `course_selection` VALUES (26, 84, 35, 53, 56);
INSERT INTO `course_selection` VALUES (27, 98, 60, 13, 72);
INSERT INTO `course_selection` VALUES (28, 12, 17, 43, 87);
INSERT INTO `course_selection` VALUES (29, 107, 72, 79, 44);
INSERT INTO `course_selection` VALUES (30, 106, 21, 7, 76);
INSERT INTO `course_selection` VALUES (31, 72, 2, 97, 52);
INSERT INTO `course_selection` VALUES (32, 12, 12, 21, 64);
INSERT INTO `course_selection` VALUES (33, 36, 58, 6, 88);
INSERT INTO `course_selection` VALUES (34, 140, 5, 62, 23);
INSERT INTO `course_selection` VALUES (35, 136, 23, 61, 79);
INSERT INTO `course_selection` VALUES (36, 36, 2, 87, 59);
INSERT INTO `course_selection` VALUES (37, 170, 77, 34, 11);
INSERT INTO `course_selection` VALUES (38, 70, 62, 89, 43);
INSERT INTO `course_selection` VALUES (39, 77, 49, 38, 3);
INSERT INTO `course_selection` VALUES (40, 114, 31, 23, 73);
INSERT INTO `course_selection` VALUES (41, 151, 48, 60, 99);
INSERT INTO `course_selection` VALUES (42, 139, 17, 39, 8);
INSERT INTO `course_selection` VALUES (43, 99, 9, 27, 92);
INSERT INTO `course_selection` VALUES (44, 164, 46, 44, 57);
INSERT INTO `course_selection` VALUES (45, 43, 65, 34, 45);
INSERT INTO `course_selection` VALUES (46, 135, 76, 34, 74);
INSERT INTO `course_selection` VALUES (47, 58, 33, 88, 46);
INSERT INTO `course_selection` VALUES (48, 72, 35, 67, 15);
INSERT INTO `course_selection` VALUES (49, 72, 57, 52, 97);
INSERT INTO `course_selection` VALUES (50, 145, 69, 24, 76);
INSERT INTO `course_selection` VALUES (51, 127, 52, 43, 64);
INSERT INTO `course_selection` VALUES (52, 13, 20, 69, 18);
INSERT INTO `course_selection` VALUES (53, 141, 43, 7, 71);
INSERT INTO `course_selection` VALUES (54, 12, 44, 24, 10);
INSERT INTO `course_selection` VALUES (55, 43, 53, 79, 39);
INSERT INTO `course_selection` VALUES (56, 174, 39, 32, 40);
INSERT INTO `course_selection` VALUES (57, 22, 19, 18, 8);
INSERT INTO `course_selection` VALUES (58, 10, 57, 1, 51);
INSERT INTO `course_selection` VALUES (59, 85, 21, 47, 48);
INSERT INTO `course_selection` VALUES (60, 7, 3, 11, 26);
INSERT INTO `course_selection` VALUES (61, 160, 42, 13, 4);
INSERT INTO `course_selection` VALUES (62, 141, 7, 31, 75);
INSERT INTO `course_selection` VALUES (63, 123, 45, 84, 17);
INSERT INTO `course_selection` VALUES (64, 4, 48, 45, 6);
INSERT INTO `course_selection` VALUES (65, 134, 64, 90, 23);
INSERT INTO `course_selection` VALUES (66, 95, 34, 78, 96);
INSERT INTO `course_selection` VALUES (67, 116, 11, 32, 36);
INSERT INTO `course_selection` VALUES (68, 163, 77, 90, 38);
INSERT INTO `course_selection` VALUES (69, 139, 42, 34, 96);
INSERT INTO `course_selection` VALUES (70, 98, 14, 58, 31);
INSERT INTO `course_selection` VALUES (71, 132, 77, 77, 46);
INSERT INTO `course_selection` VALUES (72, 104, 76, 93, 10);
INSERT INTO `course_selection` VALUES (73, 62, 27, 44, 37);
INSERT INTO `course_selection` VALUES (74, 9, 31, 70, 4);
INSERT INTO `course_selection` VALUES (75, 8, 54, 4, 14);
INSERT INTO `course_selection` VALUES (76, 172, 4, 40, 25);
INSERT INTO `course_selection` VALUES (77, 77, 60, 47, 34);
INSERT INTO `course_selection` VALUES (78, 103, 7, 3, 18);
INSERT INTO `course_selection` VALUES (79, 142, 27, 21, 39);
INSERT INTO `course_selection` VALUES (80, 12, 61, 40, 45);
INSERT INTO `course_selection` VALUES (81, 17, 44, 21, 91);
INSERT INTO `course_selection` VALUES (82, 20, 23, 58, 70);
INSERT INTO `course_selection` VALUES (83, 113, 41, 49, 15);
INSERT INTO `course_selection` VALUES (84, 102, 77, 68, 97);
INSERT INTO `course_selection` VALUES (85, 156, 9, 47, 20);
INSERT INTO `course_selection` VALUES (86, 106, 43, 65, 80);
INSERT INTO `course_selection` VALUES (87, 90, 54, 73, 45);
INSERT INTO `course_selection` VALUES (88, 44, 12, 95, 49);
INSERT INTO `course_selection` VALUES (89, 30, 12, 57, 10);
INSERT INTO `course_selection` VALUES (90, 113, 24, 88, 3);
INSERT INTO `course_selection` VALUES (91, 41, 63, 22, 58);
INSERT INTO `course_selection` VALUES (92, 9, 69, 83, 28);
INSERT INTO `course_selection` VALUES (93, 12, 6, 35, 91);
INSERT INTO `course_selection` VALUES (94, 29, 43, 62, 9);
INSERT INTO `course_selection` VALUES (95, 64, 67, 52, 6);
INSERT INTO `course_selection` VALUES (96, 51, 14, 11, 34);
INSERT INTO `course_selection` VALUES (97, 13, 46, 2, 54);
INSERT INTO `course_selection` VALUES (98, 110, 42, 10, 71);
INSERT INTO `course_selection` VALUES (99, 53, 50, 60, 32);
INSERT INTO `course_selection` VALUES (100, 150, 39, 44, 61);
INSERT INTO `course_selection` VALUES (101, 23, 52, 15, 3);
INSERT INTO `course_selection` VALUES (102, 35, 10, 63, 101);
INSERT INTO `course_selection` VALUES (103, 72, 45, 72, 62);
INSERT INTO `course_selection` VALUES (104, 131, 38, 95, 19);
INSERT INTO `course_selection` VALUES (105, 153, 53, 93, 86);
INSERT INTO `course_selection` VALUES (106, 39, 36, 13, 96);
INSERT INTO `course_selection` VALUES (107, 3, 55, 39, 93);
INSERT INTO `course_selection` VALUES (108, 33, 64, 7, 77);
INSERT INTO `course_selection` VALUES (109, 102, 20, 42, 40);
INSERT INTO `course_selection` VALUES (110, 13, 59, 89, 17);
INSERT INTO `course_selection` VALUES (111, 81, 37, 16, 22);
INSERT INTO `course_selection` VALUES (112, 72, 15, 68, 84);
INSERT INTO `course_selection` VALUES (113, 99, 38, 77, 88);
INSERT INTO `course_selection` VALUES (114, 81, 42, 39, 23);
INSERT INTO `course_selection` VALUES (115, 85, 29, 94, 23);
INSERT INTO `course_selection` VALUES (116, 39, 69, 18, 5);
INSERT INTO `course_selection` VALUES (117, 85, 75, 3, 72);
INSERT INTO `course_selection` VALUES (118, 176, 6, 50, 23);
INSERT INTO `course_selection` VALUES (119, 81, 62, 92, 81);
INSERT INTO `course_selection` VALUES (120, 38, 64, 89, 49);
INSERT INTO `course_selection` VALUES (121, 47, 4, 3, 87);
INSERT INTO `course_selection` VALUES (122, 84, 28, 66, 25);
INSERT INTO `course_selection` VALUES (123, 103, 71, 12, 51);
INSERT INTO `course_selection` VALUES (124, 84, 46, 12, 91);
INSERT INTO `course_selection` VALUES (125, 69, 19, 7, 100);
INSERT INTO `course_selection` VALUES (126, 148, 25, 21, 91);
INSERT INTO `course_selection` VALUES (127, 144, 13, 70, 12);
INSERT INTO `course_selection` VALUES (128, 128, 77, 85, 50);
INSERT INTO `course_selection` VALUES (129, 121, 19, 3, 69);
INSERT INTO `course_selection` VALUES (130, 172, 45, 62, 10);
INSERT INTO `course_selection` VALUES (131, 44, 74, 91, 54);
INSERT INTO `course_selection` VALUES (132, 88, 31, 62, 41);
INSERT INTO `course_selection` VALUES (133, 142, 16, 36, 36);
INSERT INTO `course_selection` VALUES (134, 172, 11, 23, 8);
INSERT INTO `course_selection` VALUES (135, 127, 38, 28, 83);
INSERT INTO `course_selection` VALUES (136, 150, 58, 60, 87);
INSERT INTO `course_selection` VALUES (137, 172, 20, 36, 30);
INSERT INTO `course_selection` VALUES (138, 140, 52, 32, 59);
INSERT INTO `course_selection` VALUES (139, 141, 23, 94, 59);
INSERT INTO `course_selection` VALUES (140, 19, 70, 63, 85);
INSERT INTO `course_selection` VALUES (141, 37, 32, 57, 46);
INSERT INTO `course_selection` VALUES (142, 41, 62, 78, 45);
INSERT INTO `course_selection` VALUES (143, 123, 35, 0, 55);
INSERT INTO `course_selection` VALUES (144, 24, 53, 47, 79);
INSERT INTO `course_selection` VALUES (145, 53, 76, 97, 17);
INSERT INTO `course_selection` VALUES (146, 57, 7, 34, 1);
INSERT INTO `course_selection` VALUES (147, 19, 43, 23, 37);
INSERT INTO `course_selection` VALUES (148, 56, 55, 72, 72);
INSERT INTO `course_selection` VALUES (149, 105, 9, 5, 28);
INSERT INTO `course_selection` VALUES (150, 44, 25, 96, 49);
INSERT INTO `course_selection` VALUES (151, 53, 20, 7, 46);
INSERT INTO `course_selection` VALUES (152, 30, 3, 63, 86);
INSERT INTO `course_selection` VALUES (153, 32, 28, 98, 89);
INSERT INTO `course_selection` VALUES (154, 2, 35, 28, 55);
INSERT INTO `course_selection` VALUES (155, 127, 63, 59, 46);
INSERT INTO `course_selection` VALUES (156, 60, 58, 25, 26);
INSERT INTO `course_selection` VALUES (157, 83, 47, 40, 23);
INSERT INTO `course_selection` VALUES (158, 148, 43, 31, 34);
INSERT INTO `course_selection` VALUES (159, 106, 60, 80, 85);
INSERT INTO `course_selection` VALUES (160, 152, 46, 35, 98);
INSERT INTO `course_selection` VALUES (161, 169, 8, 98, 1);
INSERT INTO `course_selection` VALUES (162, 38, 29, 4, 101);
INSERT INTO `course_selection` VALUES (163, 101, 28, 85, 90);
INSERT INTO `course_selection` VALUES (164, 25, 62, 9, 98);
INSERT INTO `course_selection` VALUES (165, 17, 39, 66, 7);
INSERT INTO `course_selection` VALUES (166, 125, 4, 88, 100);
INSERT INTO `course_selection` VALUES (167, 47, 73, 64, 14);
INSERT INTO `course_selection` VALUES (168, 50, 75, 8, 12);
INSERT INTO `course_selection` VALUES (169, 95, 16, 51, 34);
INSERT INTO `course_selection` VALUES (170, 160, 27, 33, 41);
INSERT INTO `course_selection` VALUES (171, 93, 37, 31, 22);
INSERT INTO `course_selection` VALUES (172, 70, 12, 59, 72);
INSERT INTO `course_selection` VALUES (173, 112, 43, 16, 10);
INSERT INTO `course_selection` VALUES (174, 92, 49, 73, 9);
INSERT INTO `course_selection` VALUES (175, 60, 56, 83, 67);
INSERT INTO `course_selection` VALUES (176, 2, 70, 67, 5);
INSERT INTO `course_selection` VALUES (177, 100, 64, 69, 24);
INSERT INTO `course_selection` VALUES (178, 102, 45, 73, 55);
INSERT INTO `course_selection` VALUES (179, 70, 44, 13, 39);
INSERT INTO `course_selection` VALUES (180, 111, 2, 26, 58);
INSERT INTO `course_selection` VALUES (181, 6, 45, 61, 81);
INSERT INTO `course_selection` VALUES (182, 58, 33, 97, 94);
INSERT INTO `course_selection` VALUES (183, 132, 12, 24, 17);
INSERT INTO `course_selection` VALUES (184, 23, 76, 6, 19);
INSERT INTO `course_selection` VALUES (185, 148, 28, 53, 25);
INSERT INTO `course_selection` VALUES (186, 54, 1, 7, 88);
INSERT INTO `course_selection` VALUES (187, 119, 27, 47, 22);
INSERT INTO `course_selection` VALUES (188, 160, 8, 9, 53);
INSERT INTO `course_selection` VALUES (189, 5, 2, 57, 82);
INSERT INTO `course_selection` VALUES (190, 24, 22, 69, 37);
INSERT INTO `course_selection` VALUES (191, 71, 65, 20, 23);
INSERT INTO `course_selection` VALUES (192, 19, 6, 18, 97);
INSERT INTO `course_selection` VALUES (193, 67, 18, 91, 78);
INSERT INTO `course_selection` VALUES (194, 125, 21, 54, 11);
INSERT INTO `course_selection` VALUES (195, 2, 60, 83, 30);
INSERT INTO `course_selection` VALUES (196, 171, 18, 84, 89);
INSERT INTO `course_selection` VALUES (197, 141, 11, 9, 28);
INSERT INTO `course_selection` VALUES (198, 175, 71, 0, 75);
COMMIT;

-- ----------------------------
-- Table structure for degree
-- ----------------------------
DROP TABLE IF EXISTS `degree`;
CREATE TABLE `degree` (
  `degree_id` int NOT NULL AUTO_INCREMENT COMMENT '学位类型id',
  `degree_name` varchar(255) CHARACTER SET utf8 COLLATE utf8_general_ci DEFAULT NULL COMMENT '学位类型名称',
  `school_id` int DEFAULT NULL COMMENT '学校id',
  `recruit_num` int DEFAULT NULL COMMENT '该学位招生人数',
  PRIMARY KEY (`degree_id`) USING BTREE
) ENGINE=MyISAM AUTO_INCREMENT=200 DEFAULT CHARSET=utf8 ROW_FORMAT=DYNAMIC COMMENT='学位类型';

-- ----------------------------
-- Records of degree
-- ----------------------------
BEGIN;
INSERT INTO `degree` VALUES (1, '瑞霖.万600', 4, 124);
INSERT INTO `degree` VALUES (2, '子骞_叶431', 3, 174);
INSERT INTO `degree` VALUES (3, '文_田2', 4, 161);
INSERT INTO `degree` VALUES (4, '子默.叶3', 6, 68);
INSERT INTO `degree` VALUES (5, '炎彬484', 5, 168);
INSERT INTO `degree` VALUES (6, '彬.阎5', 4, 14);
INSERT INTO `degree` VALUES (7, '靖琪416', 2, 198);
INSERT INTO `degree` VALUES (8, '荣轩_汪647', 6, 59);
INSERT INTO `degree` VALUES (9, '志泽_许8', 5, 368);
INSERT INTO `degree` VALUES (10, '雪松119', 6, 59);
INSERT INTO `degree` VALUES (11, '哲瀚5410', 1, 396);
INSERT INTO `degree` VALUES (12, '驰_邹11', 4, 8);
INSERT INTO `degree` VALUES (13, '智辉.张3812', 1, 388);
INSERT INTO `degree` VALUES (14, '伟泽_沈13', 6, 213);
INSERT INTO `degree` VALUES (15, '伟祺.段914', 2, 203);
INSERT INTO `degree` VALUES (16, '凯瑞9415', 5, 27);
INSERT INTO `degree` VALUES (17, '立轩.魏16', 6, 290);
INSERT INTO `degree` VALUES (18, '伟泽_汪17', 4, 305);
INSERT INTO `degree` VALUES (19, '烨霖.黎5418', 3, 312);
INSERT INTO `degree` VALUES (20, '晓博_汪1619', 1, 41);
INSERT INTO `degree` VALUES (21, '修洁3520', 4, 358);
INSERT INTO `degree` VALUES (22, '博文_戴1821', 2, 381);
INSERT INTO `degree` VALUES (23, '思聪_段1822', 2, 342);
INSERT INTO `degree` VALUES (24, '皓轩.林23', 6, 160);
INSERT INTO `degree` VALUES (25, '浩轩7024', 2, 391);
INSERT INTO `degree` VALUES (26, '博超.贾2525', 6, 374);
INSERT INTO `degree` VALUES (27, '博涛_谭7726', 2, 311);
INSERT INTO `degree` VALUES (28, '思远_白8227', 5, 192);
INSERT INTO `degree` VALUES (29, '晓啸_余928', 3, 37);
INSERT INTO `degree` VALUES (30, '哲瀚_严5629', 2, 112);
INSERT INTO `degree` VALUES (31, '志强.陆30', 2, 342);
INSERT INTO `degree` VALUES (32, '风华.林31', 5, 217);
INSERT INTO `degree` VALUES (33, '绍齐2832', 3, 21);
INSERT INTO `degree` VALUES (34, '鹏7533', 3, 271);
INSERT INTO `degree` VALUES (35, '绍辉.孙34', 2, 182);
INSERT INTO `degree` VALUES (36, '志泽1135', 3, 137);
INSERT INTO `degree` VALUES (37, '煜祺.魏36', 5, 64);
INSERT INTO `degree` VALUES (38, '黎昕_魏37', 5, 156);
INSERT INTO `degree` VALUES (39, '志强.郝38', 5, 390);
INSERT INTO `degree` VALUES (40, '明杰1639', 1, 246);
INSERT INTO `degree` VALUES (41, '烨伟.林1740', 1, 166);
INSERT INTO `degree` VALUES (42, '果_白4541', 6, 4);
INSERT INTO `degree` VALUES (43, '健雄.郑1442', 2, 230);
INSERT INTO `degree` VALUES (44, '志强.段1843', 3, 15);
INSERT INTO `degree` VALUES (45, '楷瑞3544', 5, 248);
INSERT INTO `degree` VALUES (46, '智宸6645', 5, 240);
INSERT INTO `degree` VALUES (47, '志泽2646', 5, 113);
INSERT INTO `degree` VALUES (48, '子骞.石47', 5, 390);
INSERT INTO `degree` VALUES (49, '荣轩_袁48', 6, 110);
INSERT INTO `degree` VALUES (50, '志强5349', 2, 56);
INSERT INTO `degree` VALUES (51, '鸿煊_何7250', 3, 180);
INSERT INTO `degree` VALUES (52, '睿渊_贾51', 3, 251);
INSERT INTO `degree` VALUES (53, '果5552', 1, 233);
INSERT INTO `degree` VALUES (54, '弘文_孙53', 4, 12);
INSERT INTO `degree` VALUES (55, '子轩.沈4454', 5, 166);
INSERT INTO `degree` VALUES (56, '健柏.潘55', 3, 133);
INSERT INTO `degree` VALUES (57, '晟睿8456', 2, 123);
INSERT INTO `degree` VALUES (58, '烨华_洪1857', 4, 106);
INSERT INTO `degree` VALUES (59, '俊驰.萧9658', 4, 398);
INSERT INTO `degree` VALUES (60, '子默_姚59', 4, 114);
INSERT INTO `degree` VALUES (61, '俊驰_韩8960', 2, 209);
INSERT INTO `degree` VALUES (62, '弘文_贺61', 4, 401);
INSERT INTO `degree` VALUES (63, '君浩.覃7162', 6, 370);
INSERT INTO `degree` VALUES (64, '旭尧6963', 1, 324);
INSERT INTO `degree` VALUES (65, '伟诚_蒋5264', 4, 391);
INSERT INTO `degree` VALUES (66, '嘉懿.张65', 1, 194);
INSERT INTO `degree` VALUES (67, '鹏煊2666', 6, 400);
INSERT INTO `degree` VALUES (68, '炎彬_谭1167', 4, 170);
INSERT INTO `degree` VALUES (69, '烨磊9368', 5, 84);
INSERT INTO `degree` VALUES (70, '鹏涛.赖69', 4, 15);
INSERT INTO `degree` VALUES (71, '炎彬.钟8870', 3, 4);
INSERT INTO `degree` VALUES (72, '航.曹8871', 3, 208);
INSERT INTO `degree` VALUES (73, '鑫鹏.白1072', 4, 51);
INSERT INTO `degree` VALUES (74, '思淼.董2173', 5, 310);
INSERT INTO `degree` VALUES (75, '炫明_梁7274', 6, 234);
INSERT INTO `degree` VALUES (76, '子默2775', 2, 192);
INSERT INTO `degree` VALUES (77, '金鑫.蒋8176', 2, 199);
INSERT INTO `degree` VALUES (78, '鑫鹏_廖277', 6, 5);
INSERT INTO `degree` VALUES (79, '皓轩.陆78', 3, 99);
INSERT INTO `degree` VALUES (80, '乐驹6379', 3, 161);
INSERT INTO `degree` VALUES (81, '明轩.姚80', 2, 97);
INSERT INTO `degree` VALUES (82, '炎彬8981', 4, 105);
INSERT INTO `degree` VALUES (83, '健柏.潘82', 2, 398);
INSERT INTO `degree` VALUES (84, '潇然.洪83', 2, 120);
INSERT INTO `degree` VALUES (85, '黎昕_卢6284', 4, 9);
INSERT INTO `degree` VALUES (86, '思淼4085', 5, 228);
INSERT INTO `degree` VALUES (87, '晓博2786', 3, 6);
INSERT INTO `degree` VALUES (88, '健柏_黎87', 2, 80);
INSERT INTO `degree` VALUES (89, '钰轩_赵88', 5, 261);
INSERT INTO `degree` VALUES (90, '思淼_许89', 6, 191);
INSERT INTO `degree` VALUES (91, '鹏3890', 2, 251);
INSERT INTO `degree` VALUES (92, '涛.武91', 4, 268);
INSERT INTO `degree` VALUES (93, '伟宸_崔3192', 3, 360);
INSERT INTO `degree` VALUES (94, '伟祺.苏2193', 5, 116);
INSERT INTO `degree` VALUES (95, '立果9194', 6, 213);
INSERT INTO `degree` VALUES (96, '晓啸_郭95', 6, 71);
INSERT INTO `degree` VALUES (97, '鑫鹏8396', 2, 323);
INSERT INTO `degree` VALUES (98, '乐驹.姚97', 5, 263);
INSERT INTO `degree` VALUES (99, '思淼.白98', 5, 187);
INSERT INTO `degree` VALUES (100, '立诚2399', 3, 390);
INSERT INTO `degree` VALUES (101, '风华_苏52100', 1, 299);
INSERT INTO `degree` VALUES (102, '懿轩71101', 4, 395);
INSERT INTO `degree` VALUES (103, '晓啸.吴102', 3, 67);
INSERT INTO `degree` VALUES (104, '子涵_曾55103', 4, 213);
INSERT INTO `degree` VALUES (105, '立果.沈73104', 4, 111);
INSERT INTO `degree` VALUES (106, '伟宸30105', 3, 58);
INSERT INTO `degree` VALUES (107, '懿轩92106', 2, 89);
INSERT INTO `degree` VALUES (108, '振家.宋12107', 1, 345);
INSERT INTO `degree` VALUES (109, '旭尧5108', 2, 262);
INSERT INTO `degree` VALUES (110, '驰.杜48109', 5, 277);
INSERT INTO `degree` VALUES (111, '旭尧.叶110', 3, 178);
INSERT INTO `degree` VALUES (112, '振家78111', 5, 211);
INSERT INTO `degree` VALUES (113, '晋鹏.袁98112', 3, 111);
INSERT INTO `degree` VALUES (114, '弘文.贺55113', 2, 255);
INSERT INTO `degree` VALUES (115, '熠彤.李82114', 4, 69);
INSERT INTO `degree` VALUES (116, '修洁_黎91115', 2, 299);
INSERT INTO `degree` VALUES (117, '修洁_潘116', 5, 332);
INSERT INTO `degree` VALUES (118, '浩轩_邵117', 3, 243);
INSERT INTO `degree` VALUES (119, '绍齐.赵118', 4, 121);
INSERT INTO `degree` VALUES (120, '果_姚119', 3, 165);
INSERT INTO `degree` VALUES (121, '皓轩_赵87120', 2, 306);
INSERT INTO `degree` VALUES (122, '胤祥_张121', 1, 331);
INSERT INTO `degree` VALUES (123, '明哲48122', 2, 277);
INSERT INTO `degree` VALUES (124, '瑞霖_萧123', 3, 127);
INSERT INTO `degree` VALUES (125, '烨华_卢124', 2, 156);
INSERT INTO `degree` VALUES (126, '胤祥.丁89125', 5, 320);
INSERT INTO `degree` VALUES (127, '昊然.谭126', 6, 197);
INSERT INTO `degree` VALUES (128, '嘉懿.卢127', 3, 158);
INSERT INTO `degree` VALUES (129, '浩然_莫76128', 2, 358);
INSERT INTO `degree` VALUES (130, '晓博.田44129', 2, 61);
INSERT INTO `degree` VALUES (131, '黎昕96130', 4, 60);
INSERT INTO `degree` VALUES (132, '彬.方62131', 3, 385);
INSERT INTO `degree` VALUES (133, '锦程.邵37132', 4, 4);
INSERT INTO `degree` VALUES (134, '志泽79133', 3, 367);
INSERT INTO `degree` VALUES (135, '晓博_林30134', 5, 156);
INSERT INTO `degree` VALUES (136, '聪健.谢25135', 3, 170);
INSERT INTO `degree` VALUES (137, '鹏飞12136', 6, 215);
INSERT INTO `degree` VALUES (138, '文昊63137', 2, 115);
INSERT INTO `degree` VALUES (139, '嘉懿.董91138', 5, 38);
INSERT INTO `degree` VALUES (140, '钰轩.马28139', 5, 94);
INSERT INTO `degree` VALUES (141, '博涛56140', 1, 235);
INSERT INTO `degree` VALUES (142, '嘉懿34141', 1, 225);
INSERT INTO `degree` VALUES (143, '雪松.孙142', 2, 351);
INSERT INTO `degree` VALUES (144, '伟祺_姜22143', 4, 15);
INSERT INTO `degree` VALUES (145, '鑫磊21144', 5, 39);
INSERT INTO `degree` VALUES (146, '昊然_邱145', 2, 104);
INSERT INTO `degree` VALUES (147, '黎昕_贾146', 4, 299);
INSERT INTO `degree` VALUES (148, '哲瀚.段57147', 2, 306);
INSERT INTO `degree` VALUES (149, '昊然.秦148', 5, 277);
INSERT INTO `degree` VALUES (150, '胤祥8149', 5, 3);
INSERT INTO `degree` VALUES (151, '果8150', 2, 97);
INSERT INTO `degree` VALUES (152, '烨霖.于151', 2, 47);
INSERT INTO `degree` VALUES (153, '弘文.邓76152', 3, 88);
INSERT INTO `degree` VALUES (154, '立轩.段153', 2, 291);
INSERT INTO `degree` VALUES (155, '明哲_傅154', 1, 33);
INSERT INTO `degree` VALUES (156, '懿轩_赖38155', 2, 140);
INSERT INTO `degree` VALUES (157, '旭尧89156', 2, 152);
INSERT INTO `degree` VALUES (158, '明轩_赵58157', 5, 174);
INSERT INTO `degree` VALUES (159, '哲瀚59158', 1, 144);
INSERT INTO `degree` VALUES (160, '俊驰.郭8159', 5, 245);
INSERT INTO `degree` VALUES (161, '天翊21160', 2, 371);
INSERT INTO `degree` VALUES (162, '瑞霖.汪91161', 3, 177);
INSERT INTO `degree` VALUES (163, '振家23162', 3, 136);
INSERT INTO `degree` VALUES (164, '鑫磊16163', 4, 349);
INSERT INTO `degree` VALUES (165, '昊焱_郑51164', 3, 104);
INSERT INTO `degree` VALUES (166, '鹭洋2165', 4, 80);
INSERT INTO `degree` VALUES (167, '彬.毛166', 5, 279);
INSERT INTO `degree` VALUES (168, '天宇_侯86167', 6, 308);
INSERT INTO `degree` VALUES (169, '明杰_廖86168', 5, 267);
INSERT INTO `degree` VALUES (170, '涛_白90169', 2, 41);
INSERT INTO `degree` VALUES (171, '炎彬63170', 4, 397);
INSERT INTO `degree` VALUES (172, '浩然_段45171', 4, 25);
INSERT INTO `degree` VALUES (173, '博超71172', 4, 202);
INSERT INTO `degree` VALUES (174, '浩然.李173', 6, 115);
INSERT INTO `degree` VALUES (175, '雨泽87174', 4, 28);
INSERT INTO `degree` VALUES (176, '鹏涛.赖175', 2, 329);
INSERT INTO `degree` VALUES (177, '修洁65176', 2, 196);
INSERT INTO `degree` VALUES (178, '伟宸52177', 4, 265);
INSERT INTO `degree` VALUES (179, '伟诚84178', 2, 258);
INSERT INTO `degree` VALUES (180, '伟宸.郝179', 1, 4);
INSERT INTO `degree` VALUES (181, '晟睿68180', 2, 164);
INSERT INTO `degree` VALUES (182, '思_萧181', 2, 264);
INSERT INTO `degree` VALUES (183, '晓博_苏10182', 4, 331);
INSERT INTO `degree` VALUES (184, '健雄48183', 5, 234);
INSERT INTO `degree` VALUES (185, '修杰.孟4184', 6, 40);
INSERT INTO `degree` VALUES (186, '子骞.姜185', 4, 247);
INSERT INTO `degree` VALUES (187, '子默_段87186', 5, 160);
INSERT INTO `degree` VALUES (188, '子默.潘21187', 2, 220);
INSERT INTO `degree` VALUES (189, '弘文.丁23188', 3, 174);
INSERT INTO `degree` VALUES (190, '炫明_姜60189', 2, 200);
INSERT INTO `degree` VALUES (191, '立轩.邹190', 2, 136);
INSERT INTO `degree` VALUES (192, '峻熙24191', 3, 31);
INSERT INTO `degree` VALUES (193, '浩.冯192', 6, 285);
INSERT INTO `degree` VALUES (194, '鹏飞11193', 4, 19);
INSERT INTO `degree` VALUES (195, '文轩89194', 3, 11);
INSERT INTO `degree` VALUES (196, '弘文21195', 5, 283);
INSERT INTO `degree` VALUES (197, '乐驹43196', 2, 335);
INSERT INTO `degree` VALUES (198, '伟泽55197', 2, 19);
INSERT INTO `degree` VALUES (199, '金鑫_徐43198', 1, 15);
COMMIT;

-- ----------------------------
-- Table structure for login
-- ----------------------------
DROP TABLE IF EXISTS `login`;
CREATE TABLE `login` (
  `id` int NOT NULL,
  `name` varchar(255) DEFAULT NULL,
  `passwd` varchar(255) DEFAULT NULL,
  PRIMARY KEY (`id`)
) ENGINE=MyISAM DEFAULT CHARSET=utf8mb4 COLLATE=utf8mb4_0900_ai_ci;

-- ----------------------------
-- Records of login
-- ----------------------------
BEGIN;
INSERT INTO `login` VALUES (1, 'zs', 'abc');
COMMIT;

-- ----------------------------
-- Table structure for major
-- ----------------------------
DROP TABLE IF EXISTS `major`;
CREATE TABLE `major` (
  `major_id` int NOT NULL AUTO_INCREMENT COMMENT '专业id',
  `major_name` varchar(255) CHARACTER SET utf8 COLLATE utf8_general_ci DEFAULT NULL COMMENT '专业名称',
  `college_id` int DEFAULT NULL COMMENT '学院id',
  `recruit_num` int DEFAULT NULL COMMENT '该专业招生人数',
  PRIMARY KEY (`major_id`) USING BTREE
) ENGINE=MyISAM AUTO_INCREMENT=212 DEFAULT CHARSET=utf8 ROW_FORMAT=DYNAMIC COMMENT='专业';

-- ----------------------------
-- Records of major
-- ----------------------------
BEGIN;
INSERT INTO `major` VALUES (6, '志泽_严396', 17, 848);
INSERT INTO `major` VALUES (7, '越彬157', 10, 322);
INSERT INTO `major` VALUES (5, '昊然_白5', 30, 115);
INSERT INTO `major` VALUES (4, '嘉懿.汪364', 9, 376);
INSERT INTO `major` VALUES (3, '鹏煊933', 13, 57);
INSERT INTO `major` VALUES (2, '胤祥802', 26, 864);
INSERT INTO `major` VALUES (1, '笑愚_郝1', 11, 621);
INSERT INTO `major` VALUES (8, '擎宇_傅0', 7, 800);
INSERT INTO `major` VALUES (9, '瑞霖509', 6, 236);
INSERT INTO `major` VALUES (10, 'asdf', 15, 100);
INSERT INTO `major` VALUES (11, '鹭洋_王0', 1, 398);
INSERT INTO `major` VALUES (12, '越泽_周790', 19, 162);
INSERT INTO `major` VALUES (13, '烨磊540', 30, 866);
INSERT INTO `major` VALUES (14, '钰轩_袁1', 26, 390);
INSERT INTO `major` VALUES (15, '明轩_贺212', 4, 704);
INSERT INTO `major` VALUES (16, '睿渊.郑603', 8, 55);
INSERT INTO `major` VALUES (17, '荣轩_邱454', 18, 313);
INSERT INTO `major` VALUES (18, '驰_何5', 25, 645);
INSERT INTO `major` VALUES (19, '懿轩.郝316', 31, 913);
INSERT INTO `major` VALUES (20, '文博157', 14, 688);
INSERT INTO `major` VALUES (21, '子轩858', 1, 200);
INSERT INTO `major` VALUES (22, '俊驰369', 15, 829);
INSERT INTO `major` VALUES (23, '凯瑞.蒋610', 6, 30);
INSERT INTO `major` VALUES (24, '健柏.范11', 24, 615);
INSERT INTO `major` VALUES (25, '懿轩_郭12', 16, 742);
INSERT INTO `major` VALUES (26, '靖琪4613', 25, 893);
INSERT INTO `major` VALUES (27, '子轩7414', 29, 78);
INSERT INTO `major` VALUES (28, '嘉懿.孔6115', 18, 708);
INSERT INTO `major` VALUES (29, '浩然.林16', 11, 943);
INSERT INTO `major` VALUES (30, '懿轩1117', 30, 815);
INSERT INTO `major` VALUES (31, '锦程.吴118', 22, 592);
INSERT INTO `major` VALUES (32, '弘文_孙19', 10, 24);
INSERT INTO `major` VALUES (33, '鑫磊.莫1220', 29, 818);
INSERT INTO `major` VALUES (34, '炎彬4921', 1, 960);
INSERT INTO `major` VALUES (35, '彬.雷22', 22, 301);
INSERT INTO `major` VALUES (36, '立辉_马5423', 23, 324);
INSERT INTO `major` VALUES (37, '晓啸_宋24', 9, 837);
INSERT INTO `major` VALUES (38, '烨华6825', 10, 105);
INSERT INTO `major` VALUES (39, '瑾瑜2826', 12, 258);
INSERT INTO `major` VALUES (40, '鑫磊_戴2227', 10, 27);
INSERT INTO `major` VALUES (41, '煜祺.莫8828', 29, 795);
INSERT INTO `major` VALUES (42, '志泽3729', 27, 545);
INSERT INTO `major` VALUES (43, '笑愚3430', 28, 927);
INSERT INTO `major` VALUES (44, '越彬_蔡31', 16, 132);
INSERT INTO `major` VALUES (45, '金鑫_郭1132', 3, 571);
INSERT INTO `major` VALUES (46, '鹏煊5433', 10, 678);
INSERT INTO `major` VALUES (47, '潇然734', 23, 562);
INSERT INTO `major` VALUES (48, '立果3735', 17, 663);
INSERT INTO `major` VALUES (49, '思淼_刘1836', 15, 757);
INSERT INTO `major` VALUES (50, '子骞_孟037', 28, 866);
INSERT INTO `major` VALUES (51, '峻熙.邵2038', 25, 702);
INSERT INTO `major` VALUES (52, '远航_蔡4339', 30, 266);
INSERT INTO `major` VALUES (53, '昊焱.程40', 23, 400);
INSERT INTO `major` VALUES (54, '明轩_崔8941', 12, 699);
INSERT INTO `major` VALUES (55, '荣轩1742', 20, 827);
INSERT INTO `major` VALUES (56, '昊天.赵43', 24, 986);
INSERT INTO `major` VALUES (57, '立轩1744', 22, 813);
INSERT INTO `major` VALUES (58, '文3745', 30, 60);
INSERT INTO `major` VALUES (59, '懿轩.夏5946', 29, 373);
INSERT INTO `major` VALUES (60, '远航.梁47', 29, 805);
INSERT INTO `major` VALUES (61, '嘉熙.蔡7248', 12, 731);
INSERT INTO `major` VALUES (62, '君浩8749', 13, 854);
INSERT INTO `major` VALUES (63, '昊天5050', 24, 299);
INSERT INTO `major` VALUES (64, '伟泽8151', 3, 211);
INSERT INTO `major` VALUES (65, '胤祥.蔡52', 4, 411);
INSERT INTO `major` VALUES (66, '博超8053', 7, 484);
INSERT INTO `major` VALUES (67, '越泽2154', 18, 909);
INSERT INTO `major` VALUES (68, '哲瀚_潘55', 16, 330);
INSERT INTO `major` VALUES (69, '昊然9456', 13, 732);
INSERT INTO `major` VALUES (70, '烨华6957', 9, 607);
INSERT INTO `major` VALUES (71, '明辉6958', 20, 825);
INSERT INTO `major` VALUES (72, '鸿煊.傅3059', 19, 830);
INSERT INTO `major` VALUES (73, '绍齐.任60', 13, 935);
INSERT INTO `major` VALUES (74, '琪8561', 13, 373);
INSERT INTO `major` VALUES (75, '明辉_邵62', 27, 29);
INSERT INTO `major` VALUES (76, '立诚.夏4463', 8, 864);
INSERT INTO `major` VALUES (77, '峻熙_崔64', 10, 674);
INSERT INTO `major` VALUES (78, '鹏6365', 28, 420);
INSERT INTO `major` VALUES (79, '志泽_沈8766', 14, 328);
INSERT INTO `major` VALUES (80, '笑愚_薛67', 15, 215);
INSERT INTO `major` VALUES (81, '健柏_邹668', 24, 368);
INSERT INTO `major` VALUES (82, '文博.万9169', 23, 625);
INSERT INTO `major` VALUES (83, '风华2670', 18, 936);
INSERT INTO `major` VALUES (84, '修杰_谭71', 23, 790);
INSERT INTO `major` VALUES (85, '健雄.徐4372', 24, 392);
INSERT INTO `major` VALUES (86, '哲瀚_周73', 26, 267);
INSERT INTO `major` VALUES (87, '智宸_方9074', 17, 54);
INSERT INTO `major` VALUES (88, '立辉_林75', 18, 714);
INSERT INTO `major` VALUES (89, '健柏_戴6376', 25, 332);
INSERT INTO `major` VALUES (90, '文轩.袁77', 22, 895);
INSERT INTO `major` VALUES (91, '建辉8678', 14, 947);
INSERT INTO `major` VALUES (92, '立轩_洪5279', 28, 452);
INSERT INTO `major` VALUES (93, '晋鹏.蒋80', 24, 961);
INSERT INTO `major` VALUES (94, '修杰.韦81', 14, 459);
INSERT INTO `major` VALUES (95, '黎昕2282', 16, 969);
INSERT INTO `major` VALUES (96, '弘文9183', 31, 39);
INSERT INTO `major` VALUES (97, '泽洋.蒋84', 12, 100);
INSERT INTO `major` VALUES (98, '锦程_陆85', 7, 93);
INSERT INTO `major` VALUES (99, '鹏.方86', 3, 53);
INSERT INTO `major` VALUES (100, '绍齐2787', 7, 639);
INSERT INTO `major` VALUES (101, '驰.潘3188', 12, 803);
INSERT INTO `major` VALUES (102, '鸿涛.赖9489', 30, 147);
INSERT INTO `major` VALUES (103, '鹏_韩90', 13, 45);
INSERT INTO `major` VALUES (104, '金鑫6491', 20, 340);
INSERT INTO `major` VALUES (105, '文轩.叶3592', 21, 210);
INSERT INTO `major` VALUES (106, '航7693', 26, 844);
INSERT INTO `major` VALUES (107, '思.梁94', 19, 712);
INSERT INTO `major` VALUES (108, '雨泽.李8795', 17, 468);
INSERT INTO `major` VALUES (109, '晓博5996', 23, 891);
INSERT INTO `major` VALUES (110, '耀杰_傅5997', 2, 522);
INSERT INTO `major` VALUES (111, '伟泽_赖98', 6, 780);
INSERT INTO `major` VALUES (112, '琪9299', 1, 318);
INSERT INTO `major` VALUES (113, '鹭洋1100', 13, 519);
INSERT INTO `major` VALUES (114, '雨泽.廖101', 29, 168);
INSERT INTO `major` VALUES (115, '苑博83102', 17, 550);
INSERT INTO `major` VALUES (116, '浩96103', 27, 743);
INSERT INTO `major` VALUES (117, '明辉0104', 21, 392);
INSERT INTO `major` VALUES (118, '思源58105', 29, 208);
INSERT INTO `major` VALUES (119, '晋鹏.范106', 15, 431);
INSERT INTO `major` VALUES (120, '钰轩.高79107', 18, 185);
INSERT INTO `major` VALUES (121, '晓啸.丁31108', 8, 149);
INSERT INTO `major` VALUES (122, '健柏.吴90109', 30, 99);
INSERT INTO `major` VALUES (123, '鹤轩.钱10110', 25, 435);
INSERT INTO `major` VALUES (124, '文_林111', 20, 593);
INSERT INTO `major` VALUES (125, '思淼.谭88112', 22, 935);
INSERT INTO `major` VALUES (126, '旭尧51113', 31, 667);
INSERT INTO `major` VALUES (127, '潇然_谢26114', 3, 180);
INSERT INTO `major` VALUES (128, '正豪.雷54115', 7, 483);
INSERT INTO `major` VALUES (129, '风华_阎116', 14, 245);
INSERT INTO `major` VALUES (130, '涛.余117', 24, 359);
INSERT INTO `major` VALUES (131, '思聪36118', 18, 135);
INSERT INTO `major` VALUES (132, '风华.夏56119', 13, 754);
INSERT INTO `major` VALUES (133, '琪_夏79120', 20, 900);
INSERT INTO `major` VALUES (134, '雨泽.段45121', 23, 949);
INSERT INTO `major` VALUES (135, '明辉_余12122', 15, 965);
INSERT INTO `major` VALUES (136, '昊天_董123', 7, 728);
INSERT INTO `major` VALUES (137, '鹏_吴124', 20, 646);
INSERT INTO `major` VALUES (138, '苑博_谭125', 17, 528);
INSERT INTO `major` VALUES (139, '博超27126', 8, 698);
INSERT INTO `major` VALUES (140, '文轩18127', 17, 569);
INSERT INTO `major` VALUES (141, '雨泽.熊128', 16, 674);
INSERT INTO `major` VALUES (142, '博涛.张129', 24, 503);
INSERT INTO `major` VALUES (143, '思聪.吴16130', 19, 510);
INSERT INTO `major` VALUES (144, '昊然66131', 10, 367);
INSERT INTO `major` VALUES (145, '远航_戴132', 25, 869);
INSERT INTO `major` VALUES (146, '志强.余87133', 3, 55);
INSERT INTO `major` VALUES (147, '哲瀚52134', 9, 777);
INSERT INTO `major` VALUES (148, '弘文28135', 21, 477);
INSERT INTO `major` VALUES (149, '弘文_万136', 18, 734);
INSERT INTO `major` VALUES (150, '笑愚.薛137', 25, 40);
INSERT INTO `major` VALUES (151, '智辉40138', 14, 952);
INSERT INTO `major` VALUES (152, '哲瀚70139', 30, 744);
INSERT INTO `major` VALUES (153, '彬_秦140', 26, 143);
INSERT INTO `major` VALUES (154, '弘文.白13141', 17, 12);
INSERT INTO `major` VALUES (155, '熠彤.谭142', 6, 520);
INSERT INTO `major` VALUES (156, '思源_金92143', 27, 153);
INSERT INTO `major` VALUES (157, '睿渊.曾20144', 5, 134);
INSERT INTO `major` VALUES (158, '峻熙89145', 24, 778);
INSERT INTO `major` VALUES (159, '浩64146', 25, 879);
INSERT INTO `major` VALUES (160, '梓晨_龚48147', 30, 173);
INSERT INTO `major` VALUES (161, '鹏煊_邹24148', 22, 154);
INSERT INTO `major` VALUES (162, '绍辉.曾9149', 19, 251);
INSERT INTO `major` VALUES (163, '思源_顾150', 6, 349);
INSERT INTO `major` VALUES (164, '伟祺_顾151', 5, 313);
INSERT INTO `major` VALUES (165, '航.郑152', 12, 80);
INSERT INTO `major` VALUES (166, '子骞_徐61153', 26, 246);
INSERT INTO `major` VALUES (167, '航_汪154', 3, 537);
INSERT INTO `major` VALUES (168, '子轩.毛155', 18, 277);
INSERT INTO `major` VALUES (169, '天翊37156', 2, 933);
INSERT INTO `major` VALUES (170, '昊强10157', 13, 404);
INSERT INTO `major` VALUES (171, '瑞霖_阎158', 29, 943);
INSERT INTO `major` VALUES (172, '健雄_梁159', 30, 596);
INSERT INTO `major` VALUES (173, '烨霖_任160', 11, 994);
INSERT INTO `major` VALUES (174, '远航.张23161', 6, 73);
INSERT INTO `major` VALUES (175, '展鹏.严36162', 30, 564);
INSERT INTO `major` VALUES (176, '思.田163', 7, 868);
INSERT INTO `major` VALUES (177, '文64164', 17, 578);
INSERT INTO `major` VALUES (178, '航.贾43165', 18, 525);
INSERT INTO `major` VALUES (179, '熠彤.董98166', 25, 732);
INSERT INTO `major` VALUES (180, '昊然_卢3167', 28, 297);
INSERT INTO `major` VALUES (181, '嘉懿_孔168', 11, 927);
INSERT INTO `major` VALUES (182, '驰_何169', 25, 702);
INSERT INTO `major` VALUES (183, '熠彤.严170', 29, 389);
INSERT INTO `major` VALUES (184, '驰_余67171', 29, 523);
INSERT INTO `major` VALUES (185, '浩宇.卢90172', 16, 869);
INSERT INTO `major` VALUES (186, '鸿煊54173', 7, 191);
INSERT INTO `major` VALUES (187, '雨泽60174', 15, 47);
INSERT INTO `major` VALUES (188, '思淼.宋63175', 6, 729);
INSERT INTO `major` VALUES (189, '擎宇_刘176', 24, 645);
INSERT INTO `major` VALUES (190, '鹭洋_宋78177', 3, 174);
INSERT INTO `major` VALUES (191, '胤祥_谭47178', 20, 507);
INSERT INTO `major` VALUES (192, '弘文.吴179', 1, 606);
INSERT INTO `major` VALUES (193, '雪松.蒋180', 27, 943);
INSERT INTO `major` VALUES (194, '峻熙.侯181', 6, 290);
INSERT INTO `major` VALUES (195, '苑博49182', 6, 131);
INSERT INTO `major` VALUES (196, '鸿煊_崔45183', 8, 122);
INSERT INTO `major` VALUES (197, '炎彬_龙8184', 7, 77);
INSERT INTO `major` VALUES (198, '鹭洋.唐185', 14, 318);
INSERT INTO `major` VALUES (199, '天宇_刘186', 5, 570);
INSERT INTO `major` VALUES (200, '俊驰.萧70187', 17, 770);
INSERT INTO `major` VALUES (201, '伟泽48188', 31, 775);
INSERT INTO `major` VALUES (202, '晓博.潘189', 24, 579);
INSERT INTO `major` VALUES (203, '浩轩.吴190', 1, 417);
INSERT INTO `major` VALUES (204, '建辉23191', 24, 765);
INSERT INTO `major` VALUES (205, '鑫磊6192', 21, 799);
INSERT INTO `major` VALUES (206, '哲瀚33193', 17, 314);
INSERT INTO `major` VALUES (207, '建辉24194', 25, 269);
INSERT INTO `major` VALUES (208, '峻熙.谭195', 10, 85);
INSERT INTO `major` VALUES (209, '嘉熙.马196', 9, 77);
INSERT INTO `major` VALUES (210, '远航_高72197', 19, 307);
INSERT INTO `major` VALUES (211, '弘文_史198', 29, 545);
COMMIT;

-- ----------------------------
-- Table structure for major_degree_access
-- ----------------------------
DROP TABLE IF EXISTS `major_degree_access`;
CREATE TABLE `major_degree_access` (
  `major_id` int DEFAULT NULL COMMENT '专业id',
  `degree_id` int DEFAULT NULL COMMENT '学位类别id',
  `plan_id` int DEFAULT NULL COMMENT '计划id'
) ENGINE=MyISAM DEFAULT CHARSET=utf8 ROW_FORMAT=FIXED COMMENT='专业类别组合关联计划';

-- ----------------------------
-- Records of major_degree_access
-- ----------------------------
BEGIN;
INSERT INTO `major_degree_access` VALUES (42, 18, 107);
INSERT INTO `major_degree_access` VALUES (122, 128, 145);
INSERT INTO `major_degree_access` VALUES (76, 96, 168);
INSERT INTO `major_degree_access` VALUES (125, 150, 31);
INSERT INTO `major_degree_access` VALUES (146, 38, 121);
INSERT INTO `major_degree_access` VALUES (127, 48, 148);
INSERT INTO `major_degree_access` VALUES (88, 65, 170);
INSERT INTO `major_degree_access` VALUES (179, 54, 171);
INSERT INTO `major_degree_access` VALUES (15, 120, 80);
INSERT INTO `major_degree_access` VALUES (12, 93, 103);
INSERT INTO `major_degree_access` VALUES (162, 45, 104);
INSERT INTO `major_degree_access` VALUES (155, 144, 6);
INSERT INTO `major_degree_access` VALUES (111, 50, 95);
INSERT INTO `major_degree_access` VALUES (19, 56, 154);
INSERT INTO `major_degree_access` VALUES (190, 89, 188);
INSERT INTO `major_degree_access` VALUES (86, 5, 12);
INSERT INTO `major_degree_access` VALUES (212, 80, 86);
INSERT INTO `major_degree_access` VALUES (84, 72, 167);
INSERT INTO `major_degree_access` VALUES (149, 192, 77);
INSERT INTO `major_degree_access` VALUES (72, 185, 96);
INSERT INTO `major_degree_access` VALUES (160, 89, 155);
INSERT INTO `major_degree_access` VALUES (55, 140, 83);
INSERT INTO `major_degree_access` VALUES (26, 27, 174);
INSERT INTO `major_degree_access` VALUES (135, 137, 88);
INSERT INTO `major_degree_access` VALUES (175, 61, 34);
INSERT INTO `major_degree_access` VALUES (177, 159, 108);
INSERT INTO `major_degree_access` VALUES (184, 13, 37);
INSERT INTO `major_degree_access` VALUES (148, 131, 93);
INSERT INTO `major_degree_access` VALUES (4, 116, 19);
INSERT INTO `major_degree_access` VALUES (100, 120, 111);
INSERT INTO `major_degree_access` VALUES (196, 20, 145);
INSERT INTO `major_degree_access` VALUES (11, 194, 49);
INSERT INTO `major_degree_access` VALUES (59, 37, 1);
INSERT INTO `major_degree_access` VALUES (133, 18, 9);
INSERT INTO `major_degree_access` VALUES (80, 73, 49);
INSERT INTO `major_degree_access` VALUES (135, 115, 137);
INSERT INTO `major_degree_access` VALUES (53, 27, 134);
INSERT INTO `major_degree_access` VALUES (183, 141, 51);
INSERT INTO `major_degree_access` VALUES (199, 113, 116);
INSERT INTO `major_degree_access` VALUES (167, 171, 65);
INSERT INTO `major_degree_access` VALUES (89, 63, 57);
INSERT INTO `major_degree_access` VALUES (109, 176, 108);
INSERT INTO `major_degree_access` VALUES (65, 66, 81);
INSERT INTO `major_degree_access` VALUES (188, 121, 28);
INSERT INTO `major_degree_access` VALUES (190, 63, 135);
INSERT INTO `major_degree_access` VALUES (15, 141, 54);
INSERT INTO `major_degree_access` VALUES (128, 190, 181);
INSERT INTO `major_degree_access` VALUES (163, 12, 139);
INSERT INTO `major_degree_access` VALUES (40, 124, 66);
INSERT INTO `major_degree_access` VALUES (109, 91, 27);
INSERT INTO `major_degree_access` VALUES (11, 169, 129);
INSERT INTO `major_degree_access` VALUES (109, 116, 56);
INSERT INTO `major_degree_access` VALUES (18, 159, 167);
INSERT INTO `major_degree_access` VALUES (208, 158, 131);
INSERT INTO `major_degree_access` VALUES (165, 109, 189);
INSERT INTO `major_degree_access` VALUES (7, 177, 96);
INSERT INTO `major_degree_access` VALUES (85, 142, 6);
INSERT INTO `major_degree_access` VALUES (81, 179, 97);
INSERT INTO `major_degree_access` VALUES (138, 59, 172);
INSERT INTO `major_degree_access` VALUES (18, 72, 23);
INSERT INTO `major_degree_access` VALUES (32, 61, 148);
INSERT INTO `major_degree_access` VALUES (186, 68, 102);
INSERT INTO `major_degree_access` VALUES (136, 2, 76);
INSERT INTO `major_degree_access` VALUES (81, 45, 151);
INSERT INTO `major_degree_access` VALUES (209, 78, 77);
INSERT INTO `major_degree_access` VALUES (112, 148, 8);
INSERT INTO `major_degree_access` VALUES (106, 30, 166);
INSERT INTO `major_degree_access` VALUES (80, 114, 29);
INSERT INTO `major_degree_access` VALUES (108, 98, 39);
INSERT INTO `major_degree_access` VALUES (132, 97, 196);
INSERT INTO `major_degree_access` VALUES (189, 14, 166);
INSERT INTO `major_degree_access` VALUES (119, 158, 96);
INSERT INTO `major_degree_access` VALUES (34, 148, 82);
INSERT INTO `major_degree_access` VALUES (172, 111, 99);
INSERT INTO `major_degree_access` VALUES (141, 178, 185);
INSERT INTO `major_degree_access` VALUES (201, 88, 160);
INSERT INTO `major_degree_access` VALUES (3, 174, 161);
INSERT INTO `major_degree_access` VALUES (206, 181, 88);
INSERT INTO `major_degree_access` VALUES (123, 104, 85);
INSERT INTO `major_degree_access` VALUES (54, 104, 195);
INSERT INTO `major_degree_access` VALUES (146, 97, 128);
INSERT INTO `major_degree_access` VALUES (143, 27, 108);
INSERT INTO `major_degree_access` VALUES (174, 163, 25);
INSERT INTO `major_degree_access` VALUES (52, 79, 59);
INSERT INTO `major_degree_access` VALUES (134, 37, 80);
INSERT INTO `major_degree_access` VALUES (206, 131, 70);
INSERT INTO `major_degree_access` VALUES (37, 51, 199);
INSERT INTO `major_degree_access` VALUES (60, 91, 50);
INSERT INTO `major_degree_access` VALUES (78, 27, 43);
INSERT INTO `major_degree_access` VALUES (140, 151, 14);
INSERT INTO `major_degree_access` VALUES (154, 12, 179);
INSERT INTO `major_degree_access` VALUES (156, 134, 109);
INSERT INTO `major_degree_access` VALUES (55, 109, 199);
INSERT INTO `major_degree_access` VALUES (93, 130, 148);
INSERT INTO `major_degree_access` VALUES (76, 72, 23);
INSERT INTO `major_degree_access` VALUES (184, 155, 167);
INSERT INTO `major_degree_access` VALUES (147, 140, 110);
INSERT INTO `major_degree_access` VALUES (123, 138, 118);
INSERT INTO `major_degree_access` VALUES (208, 47, 171);
INSERT INTO `major_degree_access` VALUES (124, 188, 44);
INSERT INTO `major_degree_access` VALUES (28, 121, 32);
INSERT INTO `major_degree_access` VALUES (209, 91, 134);
INSERT INTO `major_degree_access` VALUES (51, 132, 160);
INSERT INTO `major_degree_access` VALUES (41, 76, 147);
INSERT INTO `major_degree_access` VALUES (60, 57, 116);
INSERT INTO `major_degree_access` VALUES (114, 144, 99);
INSERT INTO `major_degree_access` VALUES (172, 109, 141);
INSERT INTO `major_degree_access` VALUES (42, 87, 16);
INSERT INTO `major_degree_access` VALUES (198, 149, 46);
INSERT INTO `major_degree_access` VALUES (16, 197, 11);
INSERT INTO `major_degree_access` VALUES (9, 69, 18);
INSERT INTO `major_degree_access` VALUES (4, 162, 7);
INSERT INTO `major_degree_access` VALUES (8, 88, 153);
INSERT INTO `major_degree_access` VALUES (127, 9, 14);
INSERT INTO `major_degree_access` VALUES (73, 165, 71);
INSERT INTO `major_degree_access` VALUES (96, 99, 91);
INSERT INTO `major_degree_access` VALUES (59, 80, 43);
INSERT INTO `major_degree_access` VALUES (32, 46, 4);
INSERT INTO `major_degree_access` VALUES (199, 84, 135);
INSERT INTO `major_degree_access` VALUES (142, 84, 74);
INSERT INTO `major_degree_access` VALUES (9, 84, 48);
INSERT INTO `major_degree_access` VALUES (112, 121, 101);
INSERT INTO `major_degree_access` VALUES (208, 93, 35);
INSERT INTO `major_degree_access` VALUES (150, 35, 110);
INSERT INTO `major_degree_access` VALUES (67, 167, 37);
INSERT INTO `major_degree_access` VALUES (103, 169, 34);
INSERT INTO `major_degree_access` VALUES (200, 53, 145);
INSERT INTO `major_degree_access` VALUES (76, 21, 21);
INSERT INTO `major_degree_access` VALUES (46, 54, 179);
INSERT INTO `major_degree_access` VALUES (182, 195, 192);
INSERT INTO `major_degree_access` VALUES (97, 33, 51);
INSERT INTO `major_degree_access` VALUES (105, 74, 109);
INSERT INTO `major_degree_access` VALUES (152, 125, 191);
INSERT INTO `major_degree_access` VALUES (120, 4, 116);
INSERT INTO `major_degree_access` VALUES (142, 119, 56);
INSERT INTO `major_degree_access` VALUES (36, 82, 138);
INSERT INTO `major_degree_access` VALUES (38, 72, 92);
INSERT INTO `major_degree_access` VALUES (185, 128, 10);
INSERT INTO `major_degree_access` VALUES (157, 144, 95);
INSERT INTO `major_degree_access` VALUES (3, 63, 165);
INSERT INTO `major_degree_access` VALUES (88, 153, 105);
INSERT INTO `major_degree_access` VALUES (48, 25, 169);
INSERT INTO `major_degree_access` VALUES (186, 182, 132);
INSERT INTO `major_degree_access` VALUES (69, 52, 132);
INSERT INTO `major_degree_access` VALUES (145, 189, 165);
INSERT INTO `major_degree_access` VALUES (65, 96, 50);
INSERT INTO `major_degree_access` VALUES (87, 175, 197);
INSERT INTO `major_degree_access` VALUES (200, 147, 166);
INSERT INTO `major_degree_access` VALUES (88, 8, 164);
INSERT INTO `major_degree_access` VALUES (32, 42, 32);
INSERT INTO `major_degree_access` VALUES (162, 154, 140);
INSERT INTO `major_degree_access` VALUES (126, 191, 131);
INSERT INTO `major_degree_access` VALUES (140, 190, 23);
INSERT INTO `major_degree_access` VALUES (90, 131, 72);
INSERT INTO `major_degree_access` VALUES (66, 193, 103);
INSERT INTO `major_degree_access` VALUES (163, 93, 41);
INSERT INTO `major_degree_access` VALUES (127, 35, 113);
INSERT INTO `major_degree_access` VALUES (103, 81, 137);
INSERT INTO `major_degree_access` VALUES (130, 83, 56);
INSERT INTO `major_degree_access` VALUES (135, 199, 51);
INSERT INTO `major_degree_access` VALUES (152, 29, 59);
INSERT INTO `major_degree_access` VALUES (204, 98, 78);
INSERT INTO `major_degree_access` VALUES (93, 17, 55);
INSERT INTO `major_degree_access` VALUES (122, 17, 150);
INSERT INTO `major_degree_access` VALUES (70, 101, 88);
INSERT INTO `major_degree_access` VALUES (137, 92, 185);
INSERT INTO `major_degree_access` VALUES (110, 143, 74);
INSERT INTO `major_degree_access` VALUES (105, 182, 157);
INSERT INTO `major_degree_access` VALUES (21, 103, 70);
INSERT INTO `major_degree_access` VALUES (90, 148, 15);
INSERT INTO `major_degree_access` VALUES (25, 114, 178);
INSERT INTO `major_degree_access` VALUES (177, 200, 57);
INSERT INTO `major_degree_access` VALUES (115, 198, 97);
INSERT INTO `major_degree_access` VALUES (137, 124, 30);
INSERT INTO `major_degree_access` VALUES (56, 44, 60);
INSERT INTO `major_degree_access` VALUES (109, 188, 111);
INSERT INTO `major_degree_access` VALUES (191, 72, 67);
INSERT INTO `major_degree_access` VALUES (150, 184, 133);
INSERT INTO `major_degree_access` VALUES (30, 12, 55);
INSERT INTO `major_degree_access` VALUES (7, 136, 185);
INSERT INTO `major_degree_access` VALUES (113, 73, 137);
INSERT INTO `major_degree_access` VALUES (52, 140, 110);
INSERT INTO `major_degree_access` VALUES (195, 144, 111);
INSERT INTO `major_degree_access` VALUES (29, 113, 130);
INSERT INTO `major_degree_access` VALUES (77, 168, 34);
INSERT INTO `major_degree_access` VALUES (188, 183, 114);
INSERT INTO `major_degree_access` VALUES (75, 115, 44);
INSERT INTO `major_degree_access` VALUES (5, 40, 95);
INSERT INTO `major_degree_access` VALUES (5, 47, 81);
INSERT INTO `major_degree_access` VALUES (171, 48, 151);
INSERT INTO `major_degree_access` VALUES (126, 86, 130);
INSERT INTO `major_degree_access` VALUES (28, 146, 6);
INSERT INTO `major_degree_access` VALUES (36, 147, 94);
INSERT INTO `major_degree_access` VALUES (24, 44, 137);
INSERT INTO `major_degree_access` VALUES (103, 38, 137);
INSERT INTO `major_degree_access` VALUES (25, 193, 12);
INSERT INTO `major_degree_access` VALUES (137, 85, 49);
INSERT INTO `major_degree_access` VALUES (72, 146, 178);
INSERT INTO `major_degree_access` VALUES (158, 36, 179);
COMMIT;

-- ----------------------------
-- Table structure for plan
-- ----------------------------
DROP TABLE IF EXISTS `plan`;
CREATE TABLE `plan` (
  `plan_id` int NOT NULL AUTO_INCREMENT COMMENT '计划id',
  `plan_name` varchar(255) CHARACTER SET utf8 COLLATE utf8_general_ci DEFAULT NULL COMMENT '计划名称',
  `create_date` varchar(255) CHARACTER SET utf8 COLLATE utf8_general_ci DEFAULT NULL COMMENT '制定日期',
  `edition` int DEFAULT NULL COMMENT '版本',
  `foreign_language` double(5,1) DEFAULT NULL COMMENT '外语必修学分',
  `public_required` double(5,1) DEFAULT NULL COMMENT '公共必修分数',
  `public_elective` double(5,1) DEFAULT NULL COMMENT '公共选修分数',
  `major_required` double(5,1) DEFAULT NULL COMMENT '专业必修分数',
  `major_elective` double(5,1) DEFAULT NULL COMMENT '专业选修分数',
  `major_common` double(5,1) DEFAULT NULL COMMENT '专业限选分数',
  PRIMARY KEY (`plan_id`) USING BTREE
) ENGINE=MyISAM AUTO_INCREMENT=200 DEFAULT CHARSET=utf8 ROW_FORMAT=DYNAMIC;

-- ----------------------------
-- Records of plan
-- ----------------------------
BEGIN;
INSERT INTO `plan` VALUES (1, '炎彬_徐0', 'Sat Jun 12 2021 01:05:48 GMT+0800 (China Standard Time)', 1, 19.1, 20.1, 12.6, 6.2, 25.7, 26.0);
INSERT INTO `plan` VALUES (2, '擎宇.贾1', 'Sat Jun 12 2021 11:17:35 GMT+0800 (China Standard Time)', 4, 31.2, 36.7, 20.6, 7.4, 23.4, 5.8);
INSERT INTO `plan` VALUES (3, '博涛722', 'Sat Jun 12 2021 01:45:50 GMT+0800 (China Standard Time)', 3, 38.9, 39.4, 4.5, 34.4, 32.9, 13.5);
INSERT INTO `plan` VALUES (4, '鹏.苏3', 'Sat Jun 12 2021 09:10:29 GMT+0800 (China Standard Time)', 4, 2.2, 25.1, 27.3, 5.8, 8.6, 37.8);
INSERT INTO `plan` VALUES (5, '明杰.余4', 'Sat Jun 12 2021 11:39:08 GMT+0800 (China Standard Time)', 2, 9.3, 28.4, 35.0, 37.7, 32.0, 16.1);
INSERT INTO `plan` VALUES (6, '金鑫_陈5', 'Sat Jun 12 2021 05:48:00 GMT+0800 (China Standard Time)', 3, 36.3, 18.8, 32.7, 21.9, 19.2, 30.5);
INSERT INTO `plan` VALUES (7, '修洁.邓736', 'Sat Jun 12 2021 11:08:48 GMT+0800 (China Standard Time)', 4, 22.4, 10.7, 15.6, 27.0, 7.1, 35.1);
INSERT INTO `plan` VALUES (8, '晟睿547', 'Fri Jun 11 2021 23:41:40 GMT+0800 (China Standard Time)', 2, 17.0, 16.8, 28.5, 15.5, 14.9, 16.9);
INSERT INTO `plan` VALUES (9, '建辉_任288', 'Fri Jun 11 2021 17:36:20 GMT+0800 (China Standard Time)', 4, 25.4, 2.7, 22.8, 18.7, 15.6, 24.2);
INSERT INTO `plan` VALUES (10, '皓轩_曾749', 'Sat Jun 12 2021 03:08:49 GMT+0800 (China Standard Time)', 5, 38.7, 24.9, 35.1, 26.9, 13.9, 30.8);
INSERT INTO `plan` VALUES (11, '展鹏3510', 'Sat Jun 12 2021 08:45:06 GMT+0800 (China Standard Time)', 3, 32.2, 28.5, 26.5, 21.2, 17.9, 10.2);
INSERT INTO `plan` VALUES (12, '子涵3311', 'Sat Jun 12 2021 00:23:30 GMT+0800 (China Standard Time)', 5, 28.2, 15.6, 3.6, 39.9, 32.6, 18.1);
INSERT INTO `plan` VALUES (13, '擎宇.蒋712', 'Sat Jun 12 2021 15:21:41 GMT+0800 (China Standard Time)', 3, 2.9, 31.9, 36.7, 3.4, 7.2, 23.8);
INSERT INTO `plan` VALUES (14, '明辉.韦9913', 'Sat Jun 12 2021 14:58:45 GMT+0800 (China Standard Time)', 3, 3.1, 33.5, 25.1, 5.7, 28.6, 26.5);
INSERT INTO `plan` VALUES (15, '鸿涛_沈14', 'Sat Jun 12 2021 06:00:16 GMT+0800 (China Standard Time)', 5, 34.3, 8.6, 26.6, 2.7, 33.9, 22.0);
INSERT INTO `plan` VALUES (16, '健雄_陶15', 'Sat Jun 12 2021 12:40:26 GMT+0800 (China Standard Time)', 5, 25.1, 37.9, 17.2, 24.3, 32.7, 37.7);
INSERT INTO `plan` VALUES (17, '靖琪_许16', 'Sat Jun 12 2021 13:29:48 GMT+0800 (China Standard Time)', 3, 7.6, 24.7, 18.0, 3.9, 36.4, 23.4);
INSERT INTO `plan` VALUES (18, '乐驹017', 'Sat Jun 12 2021 06:02:49 GMT+0800 (China Standard Time)', 4, 8.3, 35.9, 26.6, 37.3, 5.2, 40.0);
INSERT INTO `plan` VALUES (19, '博文.姚9818', 'Fri Jun 11 2021 23:03:04 GMT+0800 (China Standard Time)', 4, 23.8, 40.0, 25.0, 1.2, 35.0, 7.5);
INSERT INTO `plan` VALUES (20, '绍辉_毛7119', 'Sat Jun 12 2021 09:55:35 GMT+0800 (China Standard Time)', 3, 13.8, 13.9, 31.8, 22.0, 2.4, 41.0);
INSERT INTO `plan` VALUES (21, '鹏煊.董20', 'Sat Jun 12 2021 09:42:17 GMT+0800 (China Standard Time)', 4, 40.6, 27.1, 39.9, 29.0, 24.6, 7.8);
INSERT INTO `plan` VALUES (22, '琪_曹6921', 'Sat Jun 12 2021 13:19:46 GMT+0800 (China Standard Time)', 5, 5.0, 36.6, 38.5, 23.1, 23.1, 34.9);
INSERT INTO `plan` VALUES (23, '浩然_赵7222', 'Sat Jun 12 2021 08:44:32 GMT+0800 (China Standard Time)', 3, 13.7, 31.5, 9.8, 13.5, 27.3, 1.3);
INSERT INTO `plan` VALUES (24, '鹏煊2323', 'Sat Jun 12 2021 07:10:21 GMT+0800 (China Standard Time)', 6, 3.0, 22.5, 33.3, 29.2, 2.1, 20.9);
INSERT INTO `plan` VALUES (25, '煜城.孔24', 'Fri Jun 11 2021 22:50:21 GMT+0800 (China Standard Time)', 3, 38.7, 1.4, 34.5, 16.3, 31.6, 35.6);
INSERT INTO `plan` VALUES (26, '俊驰.杨9725', 'Sat Jun 12 2021 11:30:52 GMT+0800 (China Standard Time)', 4, 14.2, 9.0, 23.8, 15.2, 16.4, 19.1);
INSERT INTO `plan` VALUES (27, '炎彬.潘9126', 'Sat Jun 12 2021 14:13:20 GMT+0800 (China Standard Time)', 2, 29.2, 21.0, 6.9, 11.6, 9.4, 19.0);
INSERT INTO `plan` VALUES (28, '嘉懿.赖1327', 'Sat Jun 12 2021 11:38:24 GMT+0800 (China Standard Time)', 6, 2.2, 40.5, 25.6, 9.0, 32.1, 23.5);
INSERT INTO `plan` VALUES (29, '语堂.叶528', 'Sat Jun 12 2021 03:34:12 GMT+0800 (China Standard Time)', 3, 38.5, 30.7, 26.7, 13.9, 4.1, 3.1);
INSERT INTO `plan` VALUES (30, '烨霖629', 'Sat Jun 12 2021 04:05:48 GMT+0800 (China Standard Time)', 4, 8.3, 14.2, 21.4, 3.5, 13.3, 38.6);
INSERT INTO `plan` VALUES (31, '伟泽_尹30', 'Sat Jun 12 2021 11:40:39 GMT+0800 (China Standard Time)', 3, 38.0, 35.5, 19.0, 25.1, 3.1, 8.6);
INSERT INTO `plan` VALUES (32, '琪.段31', 'Sat Jun 12 2021 16:08:55 GMT+0800 (China Standard Time)', 4, 15.1, 6.7, 13.7, 4.6, 16.0, 4.1);
INSERT INTO `plan` VALUES (33, '修洁8632', 'Sat Jun 12 2021 03:51:42 GMT+0800 (China Standard Time)', 5, 32.1, 30.1, 18.5, 22.4, 10.5, 17.9);
INSERT INTO `plan` VALUES (34, '乐驹8833', 'Fri Jun 11 2021 22:58:36 GMT+0800 (China Standard Time)', 5, 33.1, 35.8, 24.9, 29.0, 39.0, 33.1);
INSERT INTO `plan` VALUES (35, '哲瀚.赖34', 'Sat Jun 12 2021 05:54:21 GMT+0800 (China Standard Time)', 4, 18.6, 7.3, 40.3, 7.2, 32.3, 38.7);
INSERT INTO `plan` VALUES (36, '瑾瑜.魏35', 'Sat Jun 12 2021 09:55:06 GMT+0800 (China Standard Time)', 2, 16.6, 19.9, 33.4, 4.8, 35.1, 40.6);
INSERT INTO `plan` VALUES (37, '鹏.洪36', 'Sat Jun 12 2021 11:59:01 GMT+0800 (China Standard Time)', 5, 25.4, 14.4, 38.2, 27.2, 37.3, 11.1);
INSERT INTO `plan` VALUES (38, '晓啸2237', 'Sat Jun 12 2021 06:13:18 GMT+0800 (China Standard Time)', 1, 4.5, 6.3, 13.1, 12.6, 37.1, 10.3);
INSERT INTO `plan` VALUES (39, '熠彤.戴38', 'Sat Jun 12 2021 08:58:42 GMT+0800 (China Standard Time)', 5, 1.6, 20.5, 16.8, 34.3, 26.8, 27.7);
INSERT INTO `plan` VALUES (40, '风华.姜8139', 'Fri Jun 11 2021 22:55:40 GMT+0800 (China Standard Time)', 2, 29.3, 12.5, 17.0, 27.2, 30.5, 20.2);
INSERT INTO `plan` VALUES (41, '明哲.刘40', 'Sat Jun 12 2021 13:01:05 GMT+0800 (China Standard Time)', 1, 29.6, 18.2, 29.0, 40.9, 16.0, 12.9);
INSERT INTO `plan` VALUES (42, '烨霖.秦41', 'Sat Jun 12 2021 12:42:48 GMT+0800 (China Standard Time)', 2, 12.3, 28.3, 25.7, 5.5, 25.0, 6.1);
INSERT INTO `plan` VALUES (43, '子骞242', 'Sat Jun 12 2021 11:08:28 GMT+0800 (China Standard Time)', 4, 4.2, 28.1, 18.1, 4.3, 17.9, 29.9);
INSERT INTO `plan` VALUES (44, '修杰.龙2343', 'Sat Jun 12 2021 00:24:45 GMT+0800 (China Standard Time)', 3, 28.2, 27.6, 11.5, 21.4, 28.6, 4.7);
INSERT INTO `plan` VALUES (45, '瑾瑜8644', 'Sat Jun 12 2021 10:50:25 GMT+0800 (China Standard Time)', 2, 20.4, 17.1, 35.9, 13.3, 18.8, 25.9);
INSERT INTO `plan` VALUES (46, '昊焱_姜45', 'Fri Jun 11 2021 21:39:40 GMT+0800 (China Standard Time)', 4, 37.6, 24.8, 20.6, 39.9, 3.0, 37.6);
INSERT INTO `plan` VALUES (47, '博涛3346', 'Sat Jun 12 2021 14:37:03 GMT+0800 (China Standard Time)', 3, 17.9, 18.1, 28.0, 21.8, 38.5, 40.7);
INSERT INTO `plan` VALUES (48, '烨霖2047', 'Fri Jun 11 2021 18:44:38 GMT+0800 (China Standard Time)', 6, 17.2, 9.1, 7.3, 6.0, 28.6, 25.3);
INSERT INTO `plan` VALUES (49, '博涛.龙3248', 'Fri Jun 11 2021 23:04:22 GMT+0800 (China Standard Time)', 5, 15.6, 20.7, 17.4, 23.9, 23.9, 15.7);
INSERT INTO `plan` VALUES (50, '锦程4349', 'Sat Jun 12 2021 04:36:58 GMT+0800 (China Standard Time)', 6, 9.2, 36.5, 40.6, 30.7, 24.4, 5.9);
INSERT INTO `plan` VALUES (51, '晓博_莫8450', 'Sat Jun 12 2021 12:08:00 GMT+0800 (China Standard Time)', 6, 35.1, 10.4, 29.2, 16.8, 33.9, 14.0);
INSERT INTO `plan` VALUES (52, '彬2651', 'Sat Jun 12 2021 06:50:47 GMT+0800 (China Standard Time)', 6, 10.5, 3.1, 1.1, 12.5, 14.0, 12.8);
INSERT INTO `plan` VALUES (53, '煜祺9852', 'Sat Jun 12 2021 12:30:16 GMT+0800 (China Standard Time)', 4, 9.4, 5.7, 3.4, 37.2, 29.6, 29.5);
INSERT INTO `plan` VALUES (54, '峻熙_石4353', 'Sat Jun 12 2021 12:50:02 GMT+0800 (China Standard Time)', 5, 24.1, 2.4, 18.6, 19.0, 3.1, 6.4);
INSERT INTO `plan` VALUES (55, '锦程.何54', 'Fri Jun 11 2021 19:06:02 GMT+0800 (China Standard Time)', 5, 26.7, 33.6, 8.5, 5.7, 36.0, 22.7);
INSERT INTO `plan` VALUES (56, '致远_莫1755', 'Sat Jun 12 2021 08:53:11 GMT+0800 (China Standard Time)', 6, 17.4, 4.7, 29.7, 35.6, 28.0, 13.1);
INSERT INTO `plan` VALUES (57, '晓博.朱3256', 'Sat Jun 12 2021 01:21:09 GMT+0800 (China Standard Time)', 1, 1.3, 21.8, 5.7, 24.7, 5.9, 5.6);
INSERT INTO `plan` VALUES (58, '鹏涛.范57', 'Fri Jun 11 2021 23:05:00 GMT+0800 (China Standard Time)', 3, 12.3, 7.1, 40.1, 37.8, 26.5, 35.8);
INSERT INTO `plan` VALUES (59, '擎苍4958', 'Fri Jun 11 2021 18:31:07 GMT+0800 (China Standard Time)', 1, 40.2, 17.5, 14.9, 39.0, 5.7, 9.2);
INSERT INTO `plan` VALUES (60, '弘文_钟6759', 'Fri Jun 11 2021 20:54:03 GMT+0800 (China Standard Time)', 5, 35.7, 24.1, 31.0, 31.8, 23.3, 40.6);
INSERT INTO `plan` VALUES (61, '懿轩_徐2660', 'Fri Jun 11 2021 22:07:52 GMT+0800 (China Standard Time)', 1, 9.4, 1.2, 19.0, 5.1, 35.2, 37.1);
INSERT INTO `plan` VALUES (62, '振家9061', 'Sat Jun 12 2021 06:11:01 GMT+0800 (China Standard Time)', 2, 38.4, 17.9, 27.9, 6.1, 20.5, 27.4);
INSERT INTO `plan` VALUES (63, '文昊3262', 'Sat Jun 12 2021 12:06:08 GMT+0800 (China Standard Time)', 2, 35.9, 4.5, 24.9, 10.0, 22.7, 27.6);
INSERT INTO `plan` VALUES (64, '荣轩7663', 'Fri Jun 11 2021 20:56:11 GMT+0800 (China Standard Time)', 1, 25.4, 20.1, 29.4, 30.7, 20.3, 22.3);
INSERT INTO `plan` VALUES (65, '建辉_莫64', 'Sat Jun 12 2021 15:50:08 GMT+0800 (China Standard Time)', 2, 15.0, 9.8, 37.9, 38.9, 11.0, 17.4);
INSERT INTO `plan` VALUES (66, '擎苍.苏365', 'Sat Jun 12 2021 17:07:04 GMT+0800 (China Standard Time)', 6, 9.9, 35.2, 25.6, 9.4, 35.3, 19.2);
INSERT INTO `plan` VALUES (67, '耀杰7266', 'Sat Jun 12 2021 01:45:37 GMT+0800 (China Standard Time)', 3, 40.0, 25.6, 12.6, 6.8, 9.2, 4.2);
INSERT INTO `plan` VALUES (68, '越彬.杨367', 'Sat Jun 12 2021 14:01:03 GMT+0800 (China Standard Time)', 3, 33.6, 9.6, 23.0, 16.3, 5.0, 26.9);
INSERT INTO `plan` VALUES (69, '炫明.宋68', 'Sat Jun 12 2021 04:00:58 GMT+0800 (China Standard Time)', 4, 23.2, 1.2, 15.4, 26.8, 6.0, 27.6);
INSERT INTO `plan` VALUES (70, '文轩.冯69', 'Sat Jun 12 2021 13:45:33 GMT+0800 (China Standard Time)', 4, 5.1, 22.8, 28.9, 7.6, 10.6, 39.2);
INSERT INTO `plan` VALUES (71, '鹭洋.吕70', 'Sat Jun 12 2021 16:35:52 GMT+0800 (China Standard Time)', 4, 13.0, 18.7, 38.6, 20.5, 19.1, 13.0);
INSERT INTO `plan` VALUES (72, '弘文.林71', 'Sat Jun 12 2021 13:22:59 GMT+0800 (China Standard Time)', 1, 15.5, 17.1, 27.2, 27.1, 4.5, 32.7);
INSERT INTO `plan` VALUES (73, '正豪_张6772', 'Fri Jun 11 2021 19:15:16 GMT+0800 (China Standard Time)', 4, 20.9, 16.7, 39.2, 10.9, 26.4, 32.3);
INSERT INTO `plan` VALUES (74, '子默.陶2873', 'Sat Jun 12 2021 05:06:10 GMT+0800 (China Standard Time)', 4, 33.0, 37.2, 13.5, 1.2, 40.7, 31.7);
INSERT INTO `plan` VALUES (75, '文轩.邓74', 'Sat Jun 12 2021 15:30:31 GMT+0800 (China Standard Time)', 5, 15.3, 16.9, 9.2, 28.4, 20.5, 6.2);
INSERT INTO `plan` VALUES (76, '熠彤.江9375', 'Fri Jun 11 2021 21:50:56 GMT+0800 (China Standard Time)', 2, 29.0, 26.9, 4.1, 36.3, 19.1, 27.1);
INSERT INTO `plan` VALUES (77, '子骞.余6276', 'Fri Jun 11 2021 20:37:32 GMT+0800 (China Standard Time)', 3, 36.2, 40.9, 10.5, 7.6, 6.6, 22.2);
INSERT INTO `plan` VALUES (78, '志泽8577', 'Sat Jun 12 2021 05:10:24 GMT+0800 (China Standard Time)', 3, 23.6, 3.2, 36.1, 19.8, 38.1, 31.1);
INSERT INTO `plan` VALUES (79, '鑫鹏4578', 'Sat Jun 12 2021 10:09:15 GMT+0800 (China Standard Time)', 2, 6.7, 10.8, 35.2, 16.3, 13.0, 11.9);
INSERT INTO `plan` VALUES (80, '乐驹.史5279', 'Fri Jun 11 2021 23:24:23 GMT+0800 (China Standard Time)', 2, 7.9, 21.1, 39.6, 33.0, 8.9, 3.6);
INSERT INTO `plan` VALUES (81, '绍齐3980', 'Fri Jun 11 2021 19:47:35 GMT+0800 (China Standard Time)', 5, 9.9, 32.9, 34.8, 31.6, 26.6, 33.8);
INSERT INTO `plan` VALUES (82, '志泽2581', 'Fri Jun 11 2021 23:26:34 GMT+0800 (China Standard Time)', 5, 3.9, 22.1, 34.0, 32.4, 11.5, 18.3);
INSERT INTO `plan` VALUES (83, '鑫磊9382', 'Sat Jun 12 2021 13:36:39 GMT+0800 (China Standard Time)', 4, 5.6, 10.6, 8.7, 28.3, 17.8, 11.9);
INSERT INTO `plan` VALUES (84, '君浩_万5883', 'Sat Jun 12 2021 07:47:41 GMT+0800 (China Standard Time)', 2, 39.3, 21.8, 12.8, 36.7, 8.0, 7.4);
INSERT INTO `plan` VALUES (85, '智宸.黄84', 'Sat Jun 12 2021 09:36:38 GMT+0800 (China Standard Time)', 6, 11.4, 27.5, 5.5, 38.6, 11.4, 24.6);
INSERT INTO `plan` VALUES (86, '晋鹏_王85', 'Fri Jun 11 2021 17:18:57 GMT+0800 (China Standard Time)', 3, 18.0, 37.0, 33.5, 31.0, 31.4, 10.0);
INSERT INTO `plan` VALUES (87, '智渊.侯3686', 'Sat Jun 12 2021 02:24:37 GMT+0800 (China Standard Time)', 6, 8.8, 21.8, 15.6, 36.3, 32.0, 21.5);
INSERT INTO `plan` VALUES (88, '鸿煊5387', 'Fri Jun 11 2021 23:47:05 GMT+0800 (China Standard Time)', 3, 20.8, 37.9, 4.8, 30.5, 1.7, 23.7);
INSERT INTO `plan` VALUES (89, '明杰_卢2688', 'Sat Jun 12 2021 10:19:03 GMT+0800 (China Standard Time)', 5, 29.8, 2.2, 19.1, 32.8, 17.1, 31.5);
INSERT INTO `plan` VALUES (90, '展鹏.余4989', 'Sat Jun 12 2021 10:48:25 GMT+0800 (China Standard Time)', 2, 24.2, 9.2, 33.0, 24.9, 26.0, 35.5);
INSERT INTO `plan` VALUES (91, '弘文.李90', 'Sat Jun 12 2021 15:48:44 GMT+0800 (China Standard Time)', 5, 30.1, 36.7, 15.9, 30.4, 33.6, 23.8);
INSERT INTO `plan` VALUES (92, '金鑫_范491', 'Sat Jun 12 2021 01:47:24 GMT+0800 (China Standard Time)', 4, 16.9, 10.5, 35.8, 31.3, 27.9, 32.5);
INSERT INTO `plan` VALUES (93, '博文492', 'Fri Jun 11 2021 17:57:51 GMT+0800 (China Standard Time)', 6, 29.9, 28.4, 22.8, 35.9, 27.9, 16.5);
INSERT INTO `plan` VALUES (94, '鑫鹏8493', 'Sat Jun 12 2021 13:34:16 GMT+0800 (China Standard Time)', 4, 31.6, 24.0, 22.0, 8.8, 16.8, 35.5);
INSERT INTO `plan` VALUES (95, '立辉394', 'Sat Jun 12 2021 13:05:47 GMT+0800 (China Standard Time)', 2, 17.4, 23.5, 1.1, 14.9, 39.8, 3.6);
INSERT INTO `plan` VALUES (96, '越彬8995', 'Sat Jun 12 2021 16:30:52 GMT+0800 (China Standard Time)', 5, 14.8, 36.9, 6.3, 29.6, 29.4, 17.2);
INSERT INTO `plan` VALUES (97, '哲瀚.黄2196', 'Sat Jun 12 2021 00:52:52 GMT+0800 (China Standard Time)', 4, 26.9, 29.2, 3.2, 12.6, 36.2, 25.0);
INSERT INTO `plan` VALUES (98, '振家_秦3997', 'Sat Jun 12 2021 07:35:44 GMT+0800 (China Standard Time)', 2, 39.6, 38.4, 40.9, 2.8, 25.5, 22.9);
INSERT INTO `plan` VALUES (99, '伟诚.朱7598', 'Sat Jun 12 2021 10:53:08 GMT+0800 (China Standard Time)', 3, 12.2, 28.0, 35.8, 15.6, 30.3, 10.8);
INSERT INTO `plan` VALUES (100, '琪_顾99', 'Fri Jun 11 2021 22:37:39 GMT+0800 (China Standard Time)', 4, 26.6, 16.8, 37.8, 28.2, 17.7, 9.4);
INSERT INTO `plan` VALUES (101, '鹏飞.蔡100', 'Fri Jun 11 2021 18:39:39 GMT+0800 (China Standard Time)', 3, 9.7, 4.6, 38.5, 6.1, 10.3, 40.4);
INSERT INTO `plan` VALUES (102, '远航53101', 'Sat Jun 12 2021 09:51:19 GMT+0800 (China Standard Time)', 3, 23.7, 12.8, 36.5, 11.9, 21.3, 26.4);
INSERT INTO `plan` VALUES (103, '智宸.韩102', 'Sat Jun 12 2021 04:03:11 GMT+0800 (China Standard Time)', 3, 6.8, 9.0, 37.0, 15.4, 29.1, 21.9);
INSERT INTO `plan` VALUES (104, '弘文89103', 'Fri Jun 11 2021 23:44:33 GMT+0800 (China Standard Time)', 6, 15.1, 28.8, 40.6, 25.5, 19.6, 27.7);
INSERT INTO `plan` VALUES (105, '嘉懿.叶0104', 'Sat Jun 12 2021 16:51:34 GMT+0800 (China Standard Time)', 6, 7.8, 18.2, 19.6, 30.3, 28.7, 14.2);
INSERT INTO `plan` VALUES (106, '思_吕63105', 'Fri Jun 11 2021 23:02:04 GMT+0800 (China Standard Time)', 4, 13.3, 10.8, 18.3, 34.3, 30.8, 2.5);
INSERT INTO `plan` VALUES (107, '琪.贺91106', 'Sat Jun 12 2021 06:19:23 GMT+0800 (China Standard Time)', 3, 13.7, 24.3, 26.3, 13.9, 6.1, 30.8);
INSERT INTO `plan` VALUES (108, '浩宇.孔24107', 'Fri Jun 11 2021 19:59:51 GMT+0800 (China Standard Time)', 2, 14.8, 13.4, 22.0, 9.8, 23.4, 39.5);
INSERT INTO `plan` VALUES (109, '泽洋67108', 'Sat Jun 12 2021 12:54:47 GMT+0800 (China Standard Time)', 5, 6.7, 32.6, 33.7, 32.1, 2.9, 33.4);
INSERT INTO `plan` VALUES (110, '明杰.郭61109', 'Sat Jun 12 2021 08:21:15 GMT+0800 (China Standard Time)', 5, 9.1, 19.4, 12.7, 2.3, 17.5, 12.5);
INSERT INTO `plan` VALUES (111, '皓轩.叶110', 'Fri Jun 11 2021 18:35:19 GMT+0800 (China Standard Time)', 5, 6.4, 35.7, 37.7, 4.3, 32.0, 16.1);
INSERT INTO `plan` VALUES (112, '耀杰.夏36111', 'Sat Jun 12 2021 13:43:35 GMT+0800 (China Standard Time)', 4, 33.3, 33.9, 18.3, 2.5, 27.0, 24.3);
INSERT INTO `plan` VALUES (113, '航93112', 'Sat Jun 12 2021 10:44:52 GMT+0800 (China Standard Time)', 3, 1.3, 37.1, 25.6, 31.0, 8.4, 24.8);
INSERT INTO `plan` VALUES (114, '明哲_江13113', 'Sat Jun 12 2021 01:47:31 GMT+0800 (China Standard Time)', 2, 15.1, 3.9, 10.8, 17.3, 16.5, 28.6);
INSERT INTO `plan` VALUES (115, '炎彬.贺55114', 'Sat Jun 12 2021 00:52:15 GMT+0800 (China Standard Time)', 5, 5.5, 6.7, 2.5, 4.4, 29.6, 8.5);
INSERT INTO `plan` VALUES (116, '风华94115', 'Sat Jun 12 2021 02:37:17 GMT+0800 (China Standard Time)', 1, 15.1, 31.2, 16.9, 21.2, 24.9, 40.3);
INSERT INTO `plan` VALUES (117, '晟睿73116', 'Sat Jun 12 2021 00:01:50 GMT+0800 (China Standard Time)', 2, 24.4, 30.0, 40.8, 3.3, 25.4, 17.5);
INSERT INTO `plan` VALUES (118, '锦程.钟49117', 'Fri Jun 11 2021 21:50:03 GMT+0800 (China Standard Time)', 5, 14.1, 5.6, 33.9, 35.7, 6.2, 1.1);
INSERT INTO `plan` VALUES (119, '烨华0118', 'Sat Jun 12 2021 16:32:23 GMT+0800 (China Standard Time)', 4, 4.2, 19.5, 27.9, 20.1, 20.1, 36.9);
INSERT INTO `plan` VALUES (120, '昊焱_黎5119', 'Fri Jun 11 2021 19:25:23 GMT+0800 (China Standard Time)', 1, 25.7, 22.8, 26.5, 23.1, 33.2, 11.7);
INSERT INTO `plan` VALUES (121, '天磊41120', 'Sat Jun 12 2021 05:25:22 GMT+0800 (China Standard Time)', 4, 6.3, 24.4, 11.1, 23.8, 21.3, 31.7);
INSERT INTO `plan` VALUES (122, '子涵.夏38121', 'Fri Jun 11 2021 22:52:50 GMT+0800 (China Standard Time)', 4, 39.8, 25.5, 32.0, 35.8, 1.6, 21.4);
INSERT INTO `plan` VALUES (123, '哲瀚_赖39122', 'Sat Jun 12 2021 06:52:36 GMT+0800 (China Standard Time)', 2, 9.7, 9.3, 30.0, 14.3, 38.1, 6.3);
INSERT INTO `plan` VALUES (124, '擎宇.梁123', 'Sat Jun 12 2021 14:01:10 GMT+0800 (China Standard Time)', 5, 38.0, 9.2, 16.2, 10.8, 25.1, 7.6);
INSERT INTO `plan` VALUES (125, '立轩_毛124', 'Sat Jun 12 2021 15:38:05 GMT+0800 (China Standard Time)', 6, 16.2, 7.4, 36.7, 8.5, 11.1, 11.5);
INSERT INTO `plan` VALUES (126, '熠彤13125', 'Sat Jun 12 2021 14:29:10 GMT+0800 (China Standard Time)', 3, 36.6, 25.4, 5.9, 26.3, 9.7, 8.6);
INSERT INTO `plan` VALUES (127, '梓晨74126', 'Fri Jun 11 2021 18:55:41 GMT+0800 (China Standard Time)', 2, 36.8, 26.4, 5.0, 7.0, 29.2, 2.4);
INSERT INTO `plan` VALUES (128, '明轩.顾127', 'Sat Jun 12 2021 08:41:20 GMT+0800 (China Standard Time)', 6, 34.6, 1.4, 21.3, 39.9, 5.3, 15.1);
INSERT INTO `plan` VALUES (129, '烨霖_冯128', 'Sat Jun 12 2021 05:51:42 GMT+0800 (China Standard Time)', 2, 38.8, 29.8, 17.9, 9.2, 34.7, 13.8);
INSERT INTO `plan` VALUES (130, '绍齐.史13129', 'Sat Jun 12 2021 14:11:50 GMT+0800 (China Standard Time)', 2, 23.5, 19.8, 27.9, 3.1, 21.5, 12.5);
INSERT INTO `plan` VALUES (131, '鹏涛_唐130', 'Sat Jun 12 2021 14:54:49 GMT+0800 (China Standard Time)', 3, 35.3, 15.1, 6.3, 21.4, 40.9, 9.2);
INSERT INTO `plan` VALUES (132, '智辉40131', 'Sat Jun 12 2021 02:31:46 GMT+0800 (China Standard Time)', 4, 3.3, 40.3, 34.7, 36.5, 22.8, 25.9);
INSERT INTO `plan` VALUES (133, '熠彤48132', 'Sat Jun 12 2021 14:23:45 GMT+0800 (China Standard Time)', 2, 10.5, 25.7, 24.3, 8.4, 40.1, 14.0);
INSERT INTO `plan` VALUES (134, '乐驹_萧29133', 'Fri Jun 11 2021 22:00:48 GMT+0800 (China Standard Time)', 3, 23.5, 5.0, 24.4, 1.5, 35.6, 14.0);
INSERT INTO `plan` VALUES (135, '雨泽26134', 'Fri Jun 11 2021 20:07:28 GMT+0800 (China Standard Time)', 2, 35.8, 16.6, 19.9, 36.6, 16.8, 3.5);
INSERT INTO `plan` VALUES (136, '建辉.谢94135', 'Sat Jun 12 2021 00:15:57 GMT+0800 (China Standard Time)', 3, 24.6, 9.5, 10.2, 13.8, 4.8, 10.9);
INSERT INTO `plan` VALUES (137, '建辉87136', 'Sat Jun 12 2021 02:55:15 GMT+0800 (China Standard Time)', 3, 35.4, 17.8, 12.9, 32.2, 3.2, 12.3);
INSERT INTO `plan` VALUES (138, '浩轩.侯71137', 'Sat Jun 12 2021 07:49:50 GMT+0800 (China Standard Time)', 3, 16.5, 27.7, 20.8, 12.2, 38.4, 35.2);
INSERT INTO `plan` VALUES (139, '伟宸_沈138', 'Fri Jun 11 2021 21:26:33 GMT+0800 (China Standard Time)', 4, 18.6, 12.1, 11.3, 16.0, 6.7, 24.8);
INSERT INTO `plan` VALUES (140, '伟宸66139', 'Sat Jun 12 2021 02:58:20 GMT+0800 (China Standard Time)', 4, 11.2, 13.4, 7.3, 29.5, 8.4, 26.6);
INSERT INTO `plan` VALUES (141, '立果.梁140', 'Sat Jun 12 2021 04:03:08 GMT+0800 (China Standard Time)', 3, 1.1, 16.6, 36.4, 40.7, 18.9, 19.1);
INSERT INTO `plan` VALUES (142, '浩然_何141', 'Sat Jun 12 2021 02:21:56 GMT+0800 (China Standard Time)', 1, 31.7, 22.2, 27.4, 38.2, 24.2, 22.6);
INSERT INTO `plan` VALUES (143, '晓啸6142', 'Sat Jun 12 2021 04:31:09 GMT+0800 (China Standard Time)', 3, 4.0, 38.5, 6.3, 13.0, 14.4, 3.0);
INSERT INTO `plan` VALUES (144, '峻熙43143', 'Sat Jun 12 2021 08:04:18 GMT+0800 (China Standard Time)', 1, 38.2, 8.4, 31.9, 20.0, 29.1, 32.0);
INSERT INTO `plan` VALUES (145, '明哲.万144', 'Sat Jun 12 2021 10:32:30 GMT+0800 (China Standard Time)', 2, 12.6, 34.3, 13.1, 14.3, 3.5, 31.3);
INSERT INTO `plan` VALUES (146, '思聪.吴145', 'Sat Jun 12 2021 08:03:52 GMT+0800 (China Standard Time)', 4, 13.6, 35.0, 17.6, 34.8, 11.8, 28.0);
INSERT INTO `plan` VALUES (147, '子涵.莫90146', 'Fri Jun 11 2021 20:29:53 GMT+0800 (China Standard Time)', 4, 8.6, 35.2, 15.7, 36.8, 31.3, 18.1);
INSERT INTO `plan` VALUES (148, '旭尧.戴64147', 'Sat Jun 12 2021 00:22:17 GMT+0800 (China Standard Time)', 2, 4.1, 34.4, 22.6, 39.1, 29.0, 39.1);
INSERT INTO `plan` VALUES (149, '苑博21148', 'Fri Jun 11 2021 17:57:59 GMT+0800 (China Standard Time)', 4, 4.7, 7.7, 35.2, 7.3, 2.6, 1.9);
INSERT INTO `plan` VALUES (150, '鑫磊.姚149', 'Sat Jun 12 2021 01:53:38 GMT+0800 (China Standard Time)', 5, 17.1, 1.9, 20.4, 31.4, 26.3, 2.5);
INSERT INTO `plan` VALUES (151, '博文.史10150', 'Sat Jun 12 2021 06:13:06 GMT+0800 (China Standard Time)', 4, 6.3, 20.1, 15.4, 5.5, 5.8, 3.8);
INSERT INTO `plan` VALUES (152, '黎昕93151', 'Sat Jun 12 2021 12:00:15 GMT+0800 (China Standard Time)', 2, 39.5, 28.8, 19.7, 14.3, 35.4, 11.1);
INSERT INTO `plan` VALUES (153, '聪健.沈47152', 'Sat Jun 12 2021 14:46:21 GMT+0800 (China Standard Time)', 4, 8.2, 2.9, 37.5, 37.9, 24.6, 34.6);
INSERT INTO `plan` VALUES (154, '晟睿4153', 'Sat Jun 12 2021 11:18:20 GMT+0800 (China Standard Time)', 2, 18.4, 31.7, 16.8, 6.0, 27.2, 3.4);
INSERT INTO `plan` VALUES (155, '弘文40154', 'Sat Jun 12 2021 01:35:38 GMT+0800 (China Standard Time)', 2, 15.9, 37.9, 36.9, 24.8, 13.2, 18.1);
INSERT INTO `plan` VALUES (156, '峻熙46155', 'Sat Jun 12 2021 02:20:29 GMT+0800 (China Standard Time)', 4, 14.0, 26.3, 34.1, 3.0, 35.1, 19.9);
INSERT INTO `plan` VALUES (157, '峻熙_李156', 'Sat Jun 12 2021 00:56:56 GMT+0800 (China Standard Time)', 2, 37.8, 31.7, 26.1, 35.8, 28.3, 34.8);
INSERT INTO `plan` VALUES (158, '烨霖_黄157', 'Fri Jun 11 2021 20:44:53 GMT+0800 (China Standard Time)', 4, 10.0, 35.0, 22.5, 38.1, 36.3, 25.3);
INSERT INTO `plan` VALUES (159, '鹏飞_袁74158', 'Sat Jun 12 2021 10:40:16 GMT+0800 (China Standard Time)', 5, 20.4, 35.3, 23.6, 16.3, 2.3, 19.6);
INSERT INTO `plan` VALUES (160, '越泽48159', 'Sat Jun 12 2021 08:03:08 GMT+0800 (China Standard Time)', 4, 11.2, 28.7, 8.4, 32.1, 36.7, 28.4);
INSERT INTO `plan` VALUES (161, '烨霖.龚160', 'Fri Jun 11 2021 17:23:09 GMT+0800 (China Standard Time)', 3, 3.7, 1.4, 12.9, 40.5, 4.6, 29.1);
INSERT INTO `plan` VALUES (162, '昊然_邱161', 'Sat Jun 12 2021 02:45:30 GMT+0800 (China Standard Time)', 2, 20.7, 35.8, 33.8, 32.6, 40.5, 35.2);
INSERT INTO `plan` VALUES (163, '鑫鹏.龚162', 'Sat Jun 12 2021 02:16:33 GMT+0800 (China Standard Time)', 5, 17.5, 5.9, 24.8, 40.6, 22.1, 25.1);
INSERT INTO `plan` VALUES (164, '智宸_周47163', 'Sat Jun 12 2021 10:26:20 GMT+0800 (China Standard Time)', 2, 19.9, 15.6, 18.1, 7.9, 20.5, 30.1);
INSERT INTO `plan` VALUES (165, '胤祥50164', 'Sat Jun 12 2021 08:09:19 GMT+0800 (China Standard Time)', 6, 23.9, 33.1, 37.0, 5.8, 37.9, 14.8);
INSERT INTO `plan` VALUES (166, '建辉66165', 'Sat Jun 12 2021 15:43:47 GMT+0800 (China Standard Time)', 6, 10.5, 3.4, 22.3, 4.9, 25.4, 2.4);
INSERT INTO `plan` VALUES (167, '伟诚_阎72166', 'Sat Jun 12 2021 07:27:44 GMT+0800 (China Standard Time)', 5, 39.8, 29.9, 13.5, 36.0, 25.3, 5.4);
INSERT INTO `plan` VALUES (168, '修杰.马68167', 'Sat Jun 12 2021 02:13:26 GMT+0800 (China Standard Time)', 2, 14.1, 34.7, 40.2, 22.1, 7.3, 23.7);
INSERT INTO `plan` VALUES (169, '熠彤96168', 'Sat Jun 12 2021 06:17:57 GMT+0800 (China Standard Time)', 1, 10.5, 24.9, 16.9, 34.7, 29.3, 16.2);
INSERT INTO `plan` VALUES (170, '懿轩.顾26169', 'Sat Jun 12 2021 16:32:02 GMT+0800 (China Standard Time)', 4, 1.2, 28.9, 17.8, 38.0, 26.6, 13.9);
INSERT INTO `plan` VALUES (171, '修洁.罗58170', 'Fri Jun 11 2021 22:44:56 GMT+0800 (China Standard Time)', 4, 11.5, 22.4, 6.1, 2.5, 18.8, 1.5);
INSERT INTO `plan` VALUES (172, '峻熙_钟171', 'Sat Jun 12 2021 06:56:43 GMT+0800 (China Standard Time)', 3, 18.9, 39.8, 19.3, 21.2, 3.8, 7.3);
INSERT INTO `plan` VALUES (173, '风华.洪172', 'Sat Jun 12 2021 11:45:36 GMT+0800 (China Standard Time)', 6, 11.9, 30.0, 16.1, 1.5, 8.3, 8.1);
INSERT INTO `plan` VALUES (174, '雪松71173', 'Fri Jun 11 2021 19:27:18 GMT+0800 (China Standard Time)', 3, 39.4, 27.4, 27.0, 40.4, 19.2, 36.6);
INSERT INTO `plan` VALUES (175, '雪松21174', 'Fri Jun 11 2021 20:12:52 GMT+0800 (China Standard Time)', 6, 3.2, 13.6, 4.5, 15.0, 7.1, 34.5);
INSERT INTO `plan` VALUES (176, '烨磊_何0175', 'Sat Jun 12 2021 09:24:01 GMT+0800 (China Standard Time)', 3, 27.2, 15.3, 27.4, 34.8, 32.8, 32.7);
INSERT INTO `plan` VALUES (177, '天磊.董176', 'Sat Jun 12 2021 11:39:09 GMT+0800 (China Standard Time)', 6, 6.0, 36.6, 36.8, 22.1, 34.9, 35.4);
INSERT INTO `plan` VALUES (178, '文_韦177', 'Fri Jun 11 2021 17:51:03 GMT+0800 (China Standard Time)', 3, 38.6, 22.1, 31.9, 1.1, 19.0, 11.4);
INSERT INTO `plan` VALUES (179, '子轩_傅178', 'Sat Jun 12 2021 15:33:10 GMT+0800 (China Standard Time)', 4, 29.1, 22.3, 22.7, 20.5, 20.3, 40.1);
INSERT INTO `plan` VALUES (180, '胤祥72179', 'Sat Jun 12 2021 16:47:46 GMT+0800 (China Standard Time)', 5, 31.7, 20.0, 21.7, 37.6, 18.7, 25.1);
INSERT INTO `plan` VALUES (181, '雪松67180', 'Sat Jun 12 2021 14:09:00 GMT+0800 (China Standard Time)', 1, 26.4, 28.5, 3.6, 20.2, 28.5, 2.5);
INSERT INTO `plan` VALUES (182, '鹏煊89181', 'Sat Jun 12 2021 12:27:06 GMT+0800 (China Standard Time)', 5, 26.5, 2.8, 6.7, 11.6, 20.7, 7.8);
INSERT INTO `plan` VALUES (183, '黎昕_江9182', 'Sat Jun 12 2021 08:26:57 GMT+0800 (China Standard Time)', 3, 5.7, 26.8, 15.1, 6.4, 24.6, 4.4);
INSERT INTO `plan` VALUES (184, '子轩.孔67183', 'Fri Jun 11 2021 19:24:24 GMT+0800 (China Standard Time)', 4, 20.6, 31.2, 7.7, 38.3, 36.9, 35.8);
INSERT INTO `plan` VALUES (185, '荣轩.覃86184', 'Fri Jun 11 2021 18:50:41 GMT+0800 (China Standard Time)', 2, 2.1, 8.1, 14.3, 27.1, 23.6, 39.2);
INSERT INTO `plan` VALUES (186, '乐驹.汪20185', 'Sat Jun 12 2021 00:37:08 GMT+0800 (China Standard Time)', 3, 3.5, 23.9, 21.8, 11.6, 1.4, 35.2);
INSERT INTO `plan` VALUES (187, '修杰_蒋67186', 'Sat Jun 12 2021 02:25:39 GMT+0800 (China Standard Time)', 3, 27.5, 32.1, 13.2, 32.2, 8.6, 21.3);
INSERT INTO `plan` VALUES (188, '文轩_雷187', 'Sat Jun 12 2021 05:32:31 GMT+0800 (China Standard Time)', 5, 35.2, 7.4, 18.5, 33.2, 32.1, 15.3);
INSERT INTO `plan` VALUES (189, '擎苍_袁5188', 'Fri Jun 11 2021 17:09:36 GMT+0800 (China Standard Time)', 2, 35.7, 39.2, 26.8, 27.1, 8.8, 29.5);
INSERT INTO `plan` VALUES (190, '金鑫27189', 'Sat Jun 12 2021 16:35:00 GMT+0800 (China Standard Time)', 5, 4.5, 38.0, 24.8, 7.2, 19.7, 35.4);
INSERT INTO `plan` VALUES (191, '思98190', 'Sat Jun 12 2021 16:42:44 GMT+0800 (China Standard Time)', 5, 2.8, 38.1, 13.5, 2.5, 31.1, 1.5);
INSERT INTO `plan` VALUES (192, '泽洋_徐58191', 'Fri Jun 11 2021 18:09:11 GMT+0800 (China Standard Time)', 5, 2.1, 31.3, 26.1, 13.9, 11.1, 29.2);
INSERT INTO `plan` VALUES (193, '子轩.蒋192', 'Sat Jun 12 2021 02:18:10 GMT+0800 (China Standard Time)', 5, 5.4, 37.0, 34.9, 28.1, 1.3, 18.9);
INSERT INTO `plan` VALUES (194, '钰轩11193', 'Fri Jun 11 2021 19:37:38 GMT+0800 (China Standard Time)', 1, 37.5, 40.6, 30.4, 5.5, 3.2, 23.1);
INSERT INTO `plan` VALUES (195, '文_毛74194', 'Fri Jun 11 2021 21:23:35 GMT+0800 (China Standard Time)', 3, 39.9, 20.4, 19.2, 5.6, 16.8, 18.2);
INSERT INTO `plan` VALUES (196, '烨伟.江12195', 'Sat Jun 12 2021 15:35:14 GMT+0800 (China Standard Time)', 1, 12.4, 28.9, 39.2, 3.5, 24.6, 19.1);
INSERT INTO `plan` VALUES (197, '志泽47196', 'Sat Jun 12 2021 01:34:14 GMT+0800 (China Standard Time)', 1, 8.5, 27.8, 28.4, 40.4, 24.3, 34.7);
INSERT INTO `plan` VALUES (198, '子默.胡8197', 'Sat Jun 12 2021 01:53:11 GMT+0800 (China Standard Time)', 2, 6.1, 11.2, 10.8, 24.7, 28.1, 18.3);
INSERT INTO `plan` VALUES (199, '晓博11198', 'Fri Jun 11 2021 19:28:12 GMT+0800 (China Standard Time)', 3, 17.8, 32.9, 21.8, 10.1, 12.4, 36.7);
COMMIT;

-- ----------------------------
-- Table structure for plan_access
-- ----------------------------
DROP TABLE IF EXISTS `plan_access`;
CREATE TABLE `plan_access` (
  `plan_id` int DEFAULT NULL COMMENT '计划id',
  `course_id` int DEFAULT NULL COMMENT '课程id',
  `term` tinyint(1) DEFAULT NULL COMMENT '学期：1一学年上学期；2一学年下学期；3二学年上学期；4二学年下学期；5三学年上学期；6三学年下学期；7四学年上学期；8四学年下学期；',
  `type` tinyint(1) DEFAULT NULL COMMENT '课程类型：1公共；2专业',
  `status` tinyint(1) DEFAULT NULL COMMENT '课程性质：1必修；2限选；3任选',
  `score` int DEFAULT NULL COMMENT '学分'
) ENGINE=MyISAM DEFAULT CHARSET=utf8 ROW_FORMAT=FIXED;

-- ----------------------------
-- Records of plan_access
-- ----------------------------
BEGIN;
INSERT INTO `plan_access` VALUES (137, 3, 9, 3, 3, 4);
INSERT INTO `plan_access` VALUES (99, 80, 2, 1, 2, 8);
INSERT INTO `plan_access` VALUES (28, 16, 5, 2, 4, 9);
INSERT INTO `plan_access` VALUES (83, 174, 8, 1, 2, 9);
INSERT INTO `plan_access` VALUES (42, 30, 6, 2, 4, 5);
INSERT INTO `plan_access` VALUES (9, 158, 6, 1, 1, 5);
INSERT INTO `plan_access` VALUES (126, 120, 8, 3, 1, 4);
INSERT INTO `plan_access` VALUES (122, 24, 3, 2, 4, 4);
INSERT INTO `plan_access` VALUES (95, 91, 2, 3, 4, 8);
INSERT INTO `plan_access` VALUES (138, 91, 8, 3, 3, 1);
INSERT INTO `plan_access` VALUES (142, 157, 6, 2, 2, 9);
INSERT INTO `plan_access` VALUES (68, 90, 5, 1, 2, 0);
INSERT INTO `plan_access` VALUES (4, 161, 2, 2, 3, 3);
INSERT INTO `plan_access` VALUES (102, 101, 4, 2, 3, 9);
INSERT INTO `plan_access` VALUES (67, 55, 5, 2, 3, 9);
INSERT INTO `plan_access` VALUES (130, 86, 4, 3, 1, 4);
INSERT INTO `plan_access` VALUES (91, 169, 5, 1, 4, 7);
INSERT INTO `plan_access` VALUES (191, 199, 5, 2, 2, 8);
INSERT INTO `plan_access` VALUES (168, 87, 1, 3, 1, 9);
INSERT INTO `plan_access` VALUES (4, 26, 9, 3, 3, 1);
INSERT INTO `plan_access` VALUES (67, 138, 6, 2, 3, 4);
INSERT INTO `plan_access` VALUES (82, 25, 2, 2, 2, 6);
INSERT INTO `plan_access` VALUES (142, 20, 6, 2, 2, 9);
INSERT INTO `plan_access` VALUES (69, 25, 5, 1, 3, 4);
INSERT INTO `plan_access` VALUES (162, 10, 9, 2, 3, 0);
INSERT INTO `plan_access` VALUES (160, 109, 1, 1, 1, 5);
INSERT INTO `plan_access` VALUES (151, 64, 7, 3, 2, 0);
INSERT INTO `plan_access` VALUES (110, 66, 3, 2, 3, 0);
INSERT INTO `plan_access` VALUES (109, 102, 7, 1, 3, 9);
INSERT INTO `plan_access` VALUES (109, 171, 8, 2, 2, 7);
INSERT INTO `plan_access` VALUES (74, 93, 5, 1, 4, 0);
INSERT INTO `plan_access` VALUES (153, 83, 6, 2, 3, 8);
INSERT INTO `plan_access` VALUES (196, 34, 6, 2, 2, 9);
INSERT INTO `plan_access` VALUES (32, 39, 4, 3, 4, 5);
INSERT INTO `plan_access` VALUES (62, 120, 6, 2, 2, 9);
INSERT INTO `plan_access` VALUES (62, 92, 5, 2, 1, 1);
INSERT INTO `plan_access` VALUES (132, 157, 6, 2, 2, 7);
INSERT INTO `plan_access` VALUES (12, 71, 2, 3, 4, 2);
INSERT INTO `plan_access` VALUES (94, 111, 2, 2, 3, 9);
INSERT INTO `plan_access` VALUES (106, 155, 6, 2, 3, 8);
INSERT INTO `plan_access` VALUES (193, 173, 4, 2, 4, 1);
INSERT INTO `plan_access` VALUES (2, 171, 2, 2, 4, 3);
INSERT INTO `plan_access` VALUES (96, 168, 3, 2, 1, 3);
INSERT INTO `plan_access` VALUES (31, 103, 2, 2, 2, 6);
INSERT INTO `plan_access` VALUES (133, 195, 3, 2, 3, 2);
INSERT INTO `plan_access` VALUES (5, 144, 4, 3, 2, 0);
INSERT INTO `plan_access` VALUES (199, 80, 1, 2, 2, 2);
INSERT INTO `plan_access` VALUES (136, 26, 6, 3, 2, 7);
INSERT INTO `plan_access` VALUES (190, 89, 2, 2, 1, 2);
INSERT INTO `plan_access` VALUES (170, 59, 8, 1, 1, 8);
INSERT INTO `plan_access` VALUES (127, 129, 4, 2, 1, 3);
INSERT INTO `plan_access` VALUES (147, 145, 9, 3, 3, 8);
INSERT INTO `plan_access` VALUES (175, 192, 5, 2, 3, 5);
INSERT INTO `plan_access` VALUES (79, 49, 9, 2, 2, 9);
INSERT INTO `plan_access` VALUES (101, 20, 5, 2, 4, 3);
INSERT INTO `plan_access` VALUES (148, 50, 6, 3, 3, 1);
INSERT INTO `plan_access` VALUES (175, 161, 9, 2, 1, 3);
INSERT INTO `plan_access` VALUES (25, 75, 8, 2, 3, 3);
INSERT INTO `plan_access` VALUES (6, 47, 2, 2, 2, 9);
INSERT INTO `plan_access` VALUES (17, 173, 8, 3, 1, 8);
INSERT INTO `plan_access` VALUES (3, 112, 2, 2, 2, 5);
INSERT INTO `plan_access` VALUES (161, 76, 2, 2, 3, 8);
INSERT INTO `plan_access` VALUES (158, 159, 6, 1, 4, 6);
INSERT INTO `plan_access` VALUES (141, 87, 2, 2, 3, 3);
INSERT INTO `plan_access` VALUES (25, 175, 7, 3, 4, 8);
INSERT INTO `plan_access` VALUES (99, 11, 9, 1, 4, 0);
INSERT INTO `plan_access` VALUES (85, 64, 3, 2, 1, 5);
INSERT INTO `plan_access` VALUES (46, 114, 1, 1, 2, 5);
INSERT INTO `plan_access` VALUES (180, 143, 8, 2, 1, 2);
INSERT INTO `plan_access` VALUES (192, 85, 8, 3, 2, 6);
INSERT INTO `plan_access` VALUES (188, 137, 4, 1, 3, 7);
INSERT INTO `plan_access` VALUES (159, 146, 1, 2, 3, 6);
INSERT INTO `plan_access` VALUES (190, 174, 9, 2, 2, 5);
INSERT INTO `plan_access` VALUES (87, 19, 4, 1, 3, 0);
INSERT INTO `plan_access` VALUES (164, 103, 8, 2, 3, 9);
INSERT INTO `plan_access` VALUES (185, 158, 3, 2, 3, 6);
INSERT INTO `plan_access` VALUES (132, 34, 4, 2, 1, 1);
INSERT INTO `plan_access` VALUES (181, 139, 8, 2, 3, 2);
INSERT INTO `plan_access` VALUES (8, 100, 2, 2, 2, 6);
INSERT INTO `plan_access` VALUES (16, 84, 9, 3, 2, 5);
INSERT INTO `plan_access` VALUES (87, 22, 6, 1, 3, 8);
INSERT INTO `plan_access` VALUES (84, 164, 8, 2, 4, 1);
INSERT INTO `plan_access` VALUES (18, 105, 8, 2, 2, 6);
INSERT INTO `plan_access` VALUES (164, 184, 5, 2, 3, 7);
INSERT INTO `plan_access` VALUES (40, 140, 7, 1, 3, 2);
INSERT INTO `plan_access` VALUES (181, 192, 1, 2, 3, 1);
INSERT INTO `plan_access` VALUES (77, 194, 5, 1, 3, 5);
INSERT INTO `plan_access` VALUES (191, 13, 5, 2, 3, 7);
INSERT INTO `plan_access` VALUES (6, 158, 9, 2, 2, 0);
INSERT INTO `plan_access` VALUES (186, 70, 3, 2, 3, 2);
INSERT INTO `plan_access` VALUES (114, 172, 8, 1, 2, 9);
INSERT INTO `plan_access` VALUES (137, 200, 2, 2, 1, 6);
INSERT INTO `plan_access` VALUES (64, 21, 2, 3, 4, 5);
INSERT INTO `plan_access` VALUES (3, 94, 4, 2, 3, 7);
INSERT INTO `plan_access` VALUES (160, 45, 8, 3, 2, 8);
INSERT INTO `plan_access` VALUES (30, 174, 6, 2, 2, 0);
INSERT INTO `plan_access` VALUES (85, 82, 7, 2, 3, 3);
INSERT INTO `plan_access` VALUES (101, 154, 4, 2, 3, 2);
INSERT INTO `plan_access` VALUES (47, 161, 2, 3, 4, 2);
INSERT INTO `plan_access` VALUES (162, 101, 7, 1, 3, 0);
INSERT INTO `plan_access` VALUES (169, 118, 4, 1, 4, 0);
INSERT INTO `plan_access` VALUES (92, 130, 6, 1, 1, 8);
INSERT INTO `plan_access` VALUES (23, 36, 5, 3, 2, 6);
INSERT INTO `plan_access` VALUES (134, 39, 4, 1, 1, 5);
INSERT INTO `plan_access` VALUES (67, 121, 7, 1, 4, 1);
INSERT INTO `plan_access` VALUES (176, 23, 3, 2, 4, 7);
INSERT INTO `plan_access` VALUES (27, 10, 5, 1, 2, 3);
INSERT INTO `plan_access` VALUES (70, 151, 8, 3, 3, 2);
INSERT INTO `plan_access` VALUES (163, 184, 9, 2, 3, 7);
INSERT INTO `plan_access` VALUES (78, 99, 9, 1, 2, 2);
INSERT INTO `plan_access` VALUES (59, 156, 6, 2, 4, 4);
INSERT INTO `plan_access` VALUES (149, 87, 4, 1, 1, 8);
INSERT INTO `plan_access` VALUES (153, 128, 5, 3, 3, 6);
INSERT INTO `plan_access` VALUES (45, 182, 1, 2, 3, 7);
INSERT INTO `plan_access` VALUES (26, 126, 3, 2, 2, 2);
INSERT INTO `plan_access` VALUES (176, 139, 8, 2, 2, 0);
INSERT INTO `plan_access` VALUES (113, 128, 9, 2, 4, 5);
INSERT INTO `plan_access` VALUES (175, 72, 8, 2, 2, 6);
INSERT INTO `plan_access` VALUES (146, 129, 6, 2, 3, 7);
INSERT INTO `plan_access` VALUES (8, 99, 2, 2, 2, 6);
INSERT INTO `plan_access` VALUES (44, 127, 2, 2, 2, 0);
INSERT INTO `plan_access` VALUES (48, 106, 8, 1, 2, 8);
INSERT INTO `plan_access` VALUES (3, 180, 4, 2, 4, 9);
INSERT INTO `plan_access` VALUES (140, 28, 7, 2, 3, 9);
INSERT INTO `plan_access` VALUES (112, 149, 4, 2, 4, 3);
INSERT INTO `plan_access` VALUES (113, 156, 2, 2, 2, 1);
INSERT INTO `plan_access` VALUES (45, 165, 8, 2, 3, 1);
INSERT INTO `plan_access` VALUES (71, 87, 3, 3, 4, 9);
INSERT INTO `plan_access` VALUES (100, 89, 2, 2, 1, 6);
INSERT INTO `plan_access` VALUES (87, 147, 5, 2, 2, 9);
INSERT INTO `plan_access` VALUES (3, 173, 2, 2, 4, 2);
INSERT INTO `plan_access` VALUES (21, 50, 7, 2, 1, 8);
INSERT INTO `plan_access` VALUES (194, 149, 7, 2, 4, 3);
INSERT INTO `plan_access` VALUES (60, 41, 9, 2, 2, 7);
INSERT INTO `plan_access` VALUES (50, 169, 2, 2, 2, 2);
INSERT INTO `plan_access` VALUES (68, 195, 6, 3, 2, 9);
INSERT INTO `plan_access` VALUES (172, 154, 5, 2, 4, 5);
INSERT INTO `plan_access` VALUES (86, 164, 3, 1, 2, 9);
INSERT INTO `plan_access` VALUES (169, 136, 9, 1, 1, 9);
INSERT INTO `plan_access` VALUES (122, 187, 5, 3, 2, 0);
INSERT INTO `plan_access` VALUES (186, 36, 5, 3, 2, 6);
INSERT INTO `plan_access` VALUES (50, 4, 8, 1, 2, 9);
INSERT INTO `plan_access` VALUES (11, 113, 2, 2, 4, 4);
INSERT INTO `plan_access` VALUES (120, 63, 1, 1, 3, 3);
INSERT INTO `plan_access` VALUES (114, 162, 4, 1, 2, 3);
INSERT INTO `plan_access` VALUES (99, 90, 2, 1, 3, 7);
INSERT INTO `plan_access` VALUES (56, 176, 8, 2, 2, 4);
INSERT INTO `plan_access` VALUES (90, 70, 2, 3, 4, 0);
INSERT INTO `plan_access` VALUES (84, 128, 5, 3, 3, 0);
INSERT INTO `plan_access` VALUES (44, 170, 6, 2, 4, 6);
INSERT INTO `plan_access` VALUES (187, 20, 7, 2, 4, 7);
INSERT INTO `plan_access` VALUES (109, 18, 8, 2, 4, 0);
INSERT INTO `plan_access` VALUES (86, 21, 6, 1, 3, 0);
INSERT INTO `plan_access` VALUES (103, 133, 4, 2, 4, 2);
INSERT INTO `plan_access` VALUES (96, 45, 4, 1, 3, 8);
INSERT INTO `plan_access` VALUES (28, 51, 7, 1, 2, 2);
INSERT INTO `plan_access` VALUES (172, 78, 6, 3, 3, 3);
INSERT INTO `plan_access` VALUES (72, 72, 1, 3, 2, 5);
INSERT INTO `plan_access` VALUES (103, 125, 5, 2, 2, 1);
INSERT INTO `plan_access` VALUES (102, 19, 8, 2, 3, 1);
INSERT INTO `plan_access` VALUES (15, 66, 9, 3, 3, 4);
INSERT INTO `plan_access` VALUES (14, 86, 4, 2, 2, 9);
INSERT INTO `plan_access` VALUES (12, 158, 6, 3, 3, 7);
INSERT INTO `plan_access` VALUES (157, 91, 5, 1, 3, 3);
INSERT INTO `plan_access` VALUES (146, 63, 3, 2, 4, 7);
INSERT INTO `plan_access` VALUES (173, 115, 3, 1, 3, 6);
INSERT INTO `plan_access` VALUES (164, 87, 2, 3, 4, 0);
INSERT INTO `plan_access` VALUES (24, 179, 8, 1, 3, 8);
INSERT INTO `plan_access` VALUES (180, 4, 4, 2, 2, 5);
INSERT INTO `plan_access` VALUES (90, 125, 1, 2, 3, 9);
INSERT INTO `plan_access` VALUES (155, 133, 4, 1, 3, 3);
INSERT INTO `plan_access` VALUES (82, 7, 4, 1, 3, 8);
INSERT INTO `plan_access` VALUES (28, 125, 7, 2, 3, 5);
INSERT INTO `plan_access` VALUES (51, 44, 5, 3, 2, 7);
INSERT INTO `plan_access` VALUES (112, 19, 6, 2, 3, 6);
INSERT INTO `plan_access` VALUES (146, 188, 3, 2, 2, 4);
INSERT INTO `plan_access` VALUES (7, 127, 9, 3, 4, 9);
INSERT INTO `plan_access` VALUES (108, 57, 9, 2, 2, 6);
INSERT INTO `plan_access` VALUES (71, 194, 3, 2, 2, 9);
INSERT INTO `plan_access` VALUES (178, 191, 9, 2, 1, 5);
INSERT INTO `plan_access` VALUES (160, 108, 3, 2, 1, 7);
INSERT INTO `plan_access` VALUES (191, 43, 3, 3, 3, 6);
INSERT INTO `plan_access` VALUES (161, 160, 8, 2, 3, 1);
INSERT INTO `plan_access` VALUES (104, 162, 8, 3, 3, 3);
INSERT INTO `plan_access` VALUES (108, 137, 7, 2, 3, 2);
INSERT INTO `plan_access` VALUES (124, 199, 6, 1, 2, 7);
INSERT INTO `plan_access` VALUES (76, 46, 4, 3, 2, 2);
INSERT INTO `plan_access` VALUES (4, 87, 2, 1, 1, 3);
INSERT INTO `plan_access` VALUES (131, 144, 5, 3, 2, 1);
INSERT INTO `plan_access` VALUES (14, 179, 6, 2, 3, 1);
INSERT INTO `plan_access` VALUES (16, 61, 4, 3, 3, 2);
INSERT INTO `plan_access` VALUES (170, 144, 7, 2, 1, 8);
INSERT INTO `plan_access` VALUES (141, 52, 3, 2, 2, 3);
INSERT INTO `plan_access` VALUES (80, 115, 1, 2, 2, 6);
INSERT INTO `plan_access` VALUES (82, 179, 3, 2, 2, 0);
INSERT INTO `plan_access` VALUES (128, 150, 2, 1, 1, 3);
INSERT INTO `plan_access` VALUES (116, 191, 2, 3, 3, 0);
INSERT INTO `plan_access` VALUES (71, 193, 7, 2, 2, 9);
INSERT INTO `plan_access` VALUES (137, 30, 8, 3, 1, 6);
INSERT INTO `plan_access` VALUES (86, 117, 6, 3, 3, 7);
INSERT INTO `plan_access` VALUES (196, 133, 8, 1, 4, 8);
INSERT INTO `plan_access` VALUES (152, 66, 2, 1, 3, 5);
INSERT INTO `plan_access` VALUES (73, 142, 8, 2, 2, 4);
INSERT INTO `plan_access` VALUES (4, 144, 8, 2, 2, 0);
INSERT INTO `plan_access` VALUES (134, 123, 9, 2, 3, 0);
INSERT INTO `plan_access` VALUES (56, 110, 5, 2, 3, 9);
INSERT INTO `plan_access` VALUES (119, 97, 3, 2, 3, 7);
INSERT INTO `plan_access` VALUES (142, 117, 4, 2, 3, 0);
INSERT INTO `plan_access` VALUES (49, 146, 8, 2, 2, 2);
INSERT INTO `plan_access` VALUES (84, 19, 2, 2, 1, 8);
INSERT INTO `plan_access` VALUES (2, 13, 7, 3, 2, 8);
INSERT INTO `plan_access` VALUES (117, 113, 7, 1, 1, 2);
INSERT INTO `plan_access` VALUES (87, 29, 2, 2, 3, 4);
INSERT INTO `plan_access` VALUES (51, 196, 7, 2, 3, 1);
INSERT INTO `plan_access` VALUES (88, 96, 6, 1, 2, 0);
INSERT INTO `plan_access` VALUES (182, 116, 6, 3, 4, 3);
INSERT INTO `plan_access` VALUES (117, 124, 7, 3, 1, 8);
INSERT INTO `plan_access` VALUES (24, 173, 7, 3, 3, 0);
INSERT INTO `plan_access` VALUES (172, 171, 9, 3, 3, 5);
INSERT INTO `plan_access` VALUES (5, 155, 4, 3, 3, 1);
INSERT INTO `plan_access` VALUES (89, 27, 4, 1, 4, 9);
INSERT INTO `plan_access` VALUES (4, 84, 8, 1, 1, 9);
INSERT INTO `plan_access` VALUES (191, 171, 4, 3, 1, 0);
INSERT INTO `plan_access` VALUES (86, 118, 9, 3, 4, 0);
INSERT INTO `plan_access` VALUES (82, 89, 3, 2, 1, 6);
INSERT INTO `plan_access` VALUES (153, 185, 7, 2, 3, 7);
INSERT INTO `plan_access` VALUES (66, 145, 6, 2, 1, 1);
INSERT INTO `plan_access` VALUES (86, 15, 2, 1, 3, 5);
INSERT INTO `plan_access` VALUES (55, 47, 6, 2, 3, 9);
INSERT INTO `plan_access` VALUES (107, 111, 6, 2, 4, 0);
INSERT INTO `plan_access` VALUES (144, 158, 4, 1, 3, 5);
INSERT INTO `plan_access` VALUES (81, 155, 2, 2, 1, 0);
INSERT INTO `plan_access` VALUES (113, 90, 2, 3, 4, 1);
INSERT INTO `plan_access` VALUES (105, 158, 5, 1, 1, 1);
INSERT INTO `plan_access` VALUES (171, 162, 4, 2, 2, 6);
INSERT INTO `plan_access` VALUES (162, 176, 3, 1, 3, 0);
INSERT INTO `plan_access` VALUES (81, 114, 3, 2, 3, 5);
INSERT INTO `plan_access` VALUES (196, 162, 7, 3, 2, 3);
INSERT INTO `plan_access` VALUES (126, 121, 8, 3, 1, 0);
INSERT INTO `plan_access` VALUES (7, 99, 4, 2, 3, 5);
INSERT INTO `plan_access` VALUES (38, 171, 3, 2, 3, 3);
INSERT INTO `plan_access` VALUES (34, 51, 2, 3, 1, 2);
INSERT INTO `plan_access` VALUES (163, 193, 4, 2, 2, 7);
INSERT INTO `plan_access` VALUES (39, 51, 8, 3, 4, 5);
INSERT INTO `plan_access` VALUES (8, 27, 9, 2, 2, 2);
INSERT INTO `plan_access` VALUES (12, 164, 2, 2, 3, 3);
INSERT INTO `plan_access` VALUES (44, 166, 4, 3, 3, 3);
INSERT INTO `plan_access` VALUES (31, 106, 3, 2, 2, 1);
INSERT INTO `plan_access` VALUES (173, 125, 2, 2, 2, 0);
INSERT INTO `plan_access` VALUES (42, 87, 2, 2, 3, 1);
INSERT INTO `plan_access` VALUES (103, 53, 1, 1, 2, 8);
INSERT INTO `plan_access` VALUES (55, 15, 7, 2, 1, 7);
INSERT INTO `plan_access` VALUES (98, 7, 8, 2, 3, 3);
INSERT INTO `plan_access` VALUES (137, 78, 7, 2, 3, 0);
INSERT INTO `plan_access` VALUES (18, 184, 2, 2, 2, 5);
INSERT INTO `plan_access` VALUES (101, 73, 8, 1, 3, 4);
INSERT INTO `plan_access` VALUES (78, 71, 2, 2, 3, 3);
INSERT INTO `plan_access` VALUES (80, 102, 6, 1, 4, 8);
INSERT INTO `plan_access` VALUES (44, 148, 3, 1, 1, 2);
INSERT INTO `plan_access` VALUES (168, 32, 4, 2, 2, 2);
INSERT INTO `plan_access` VALUES (33, 139, 8, 2, 1, 4);
INSERT INTO `plan_access` VALUES (130, 127, 8, 2, 4, 8);
INSERT INTO `plan_access` VALUES (68, 150, 2, 2, 1, 4);
INSERT INTO `plan_access` VALUES (26, 154, 1, 2, 1, 1);
INSERT INTO `plan_access` VALUES (48, 96, 7, 1, 4, 5);
INSERT INTO `plan_access` VALUES (70, 119, 5, 1, 2, 3);
INSERT INTO `plan_access` VALUES (16, 151, 1, 2, 3, 9);
INSERT INTO `plan_access` VALUES (123, 9, 7, 1, 2, 9);
INSERT INTO `plan_access` VALUES (94, 58, 4, 1, 2, 0);
INSERT INTO `plan_access` VALUES (121, 3, 3, 1, 1, 2);
INSERT INTO `plan_access` VALUES (146, 189, 3, 1, 3, 4);
INSERT INTO `plan_access` VALUES (166, 182, 5, 2, 2, 0);
INSERT INTO `plan_access` VALUES (170, 113, 5, 2, 2, 0);
INSERT INTO `plan_access` VALUES (64, 197, 7, 2, 2, 8);
INSERT INTO `plan_access` VALUES (139, 197, 2, 2, 2, 7);
INSERT INTO `plan_access` VALUES (141, 128, 2, 2, 4, 2);
INSERT INTO `plan_access` VALUES (162, 121, 2, 2, 4, 4);
INSERT INTO `plan_access` VALUES (104, 115, 7, 1, 2, 1);
INSERT INTO `plan_access` VALUES (186, 55, 2, 2, 2, 5);
INSERT INTO `plan_access` VALUES (87, 185, 5, 2, 2, 2);
INSERT INTO `plan_access` VALUES (50, 52, 3, 3, 4, 8);
INSERT INTO `plan_access` VALUES (97, 187, 8, 2, 1, 9);
INSERT INTO `plan_access` VALUES (116, 139, 7, 3, 4, 6);
INSERT INTO `plan_access` VALUES (141, 55, 3, 2, 3, 8);
INSERT INTO `plan_access` VALUES (181, 83, 9, 2, 2, 8);
INSERT INTO `plan_access` VALUES (143, 36, 7, 2, 1, 5);
INSERT INTO `plan_access` VALUES (199, 27, 7, 2, 2, 3);
INSERT INTO `plan_access` VALUES (65, 140, 3, 2, 4, 1);
INSERT INTO `plan_access` VALUES (154, 181, 8, 3, 1, 8);
INSERT INTO `plan_access` VALUES (10, 53, 7, 2, 1, 2);
INSERT INTO `plan_access` VALUES (80, 20, 2, 2, 4, 9);
INSERT INTO `plan_access` VALUES (42, 177, 9, 1, 3, 9);
INSERT INTO `plan_access` VALUES (23, 135, 8, 2, 3, 0);
INSERT INTO `plan_access` VALUES (183, 168, 3, 1, 3, 1);
INSERT INTO `plan_access` VALUES (153, 104, 7, 1, 4, 7);
INSERT INTO `plan_access` VALUES (45, 101, 3, 1, 2, 6);
INSERT INTO `plan_access` VALUES (4, 161, 4, 1, 3, 5);
INSERT INTO `plan_access` VALUES (85, 22, 3, 3, 3, 3);
INSERT INTO `plan_access` VALUES (189, 193, 5, 2, 2, 3);
INSERT INTO `plan_access` VALUES (16, 82, 3, 2, 4, 2);
INSERT INTO `plan_access` VALUES (50, 143, 5, 3, 4, 4);
INSERT INTO `plan_access` VALUES (196, 171, 8, 2, 2, 9);
INSERT INTO `plan_access` VALUES (142, 121, 4, 2, 3, 3);
INSERT INTO `plan_access` VALUES (133, 66, 4, 2, 3, 0);
INSERT INTO `plan_access` VALUES (122, 27, 5, 2, 2, 7);
INSERT INTO `plan_access` VALUES (19, 36, 4, 1, 3, 2);
INSERT INTO `plan_access` VALUES (20, 39, 9, 2, 1, 8);
INSERT INTO `plan_access` VALUES (120, 130, 3, 3, 2, 9);
INSERT INTO `plan_access` VALUES (155, 26, 4, 1, 2, 7);
INSERT INTO `plan_access` VALUES (168, 98, 5, 2, 2, 5);
INSERT INTO `plan_access` VALUES (15, 89, 3, 1, 4, 4);
INSERT INTO `plan_access` VALUES (137, 185, 8, 2, 4, 1);
INSERT INTO `plan_access` VALUES (131, 57, 4, 3, 4, 7);
INSERT INTO `plan_access` VALUES (117, 41, 1, 2, 4, 3);
INSERT INTO `plan_access` VALUES (72, 112, 1, 2, 1, 7);
INSERT INTO `plan_access` VALUES (106, 150, 4, 2, 1, 3);
INSERT INTO `plan_access` VALUES (80, 189, 8, 3, 1, 2);
INSERT INTO `plan_access` VALUES (118, 70, 7, 3, 4, 7);
INSERT INTO `plan_access` VALUES (38, 111, 7, 1, 3, 6);
INSERT INTO `plan_access` VALUES (194, 15, 8, 2, 4, 0);
INSERT INTO `plan_access` VALUES (98, 8, 2, 1, 4, 7);
INSERT INTO `plan_access` VALUES (154, 56, 3, 3, 3, 0);
INSERT INTO `plan_access` VALUES (57, 133, 6, 3, 3, 5);
INSERT INTO `plan_access` VALUES (83, 48, 8, 1, 3, 0);
INSERT INTO `plan_access` VALUES (115, 42, 4, 2, 4, 3);
INSERT INTO `plan_access` VALUES (192, 158, 2, 2, 3, 8);
INSERT INTO `plan_access` VALUES (19, 49, 1, 3, 3, 2);
INSERT INTO `plan_access` VALUES (29, 178, 8, 3, 3, 1);
INSERT INTO `plan_access` VALUES (28, 178, 6, 2, 2, 5);
INSERT INTO `plan_access` VALUES (34, 186, 5, 3, 2, 2);
INSERT INTO `plan_access` VALUES (181, 154, 6, 1, 4, 2);
INSERT INTO `plan_access` VALUES (162, 150, 4, 2, 1, 7);
INSERT INTO `plan_access` VALUES (145, 182, 9, 3, 2, 1);
INSERT INTO `plan_access` VALUES (28, 6, 8, 2, 3, 1);
INSERT INTO `plan_access` VALUES (159, 33, 3, 2, 1, 4);
INSERT INTO `plan_access` VALUES (13, 93, 4, 2, 2, 5);
INSERT INTO `plan_access` VALUES (87, 66, 2, 2, 3, 2);
INSERT INTO `plan_access` VALUES (147, 186, 8, 3, 2, 1);
INSERT INTO `plan_access` VALUES (41, 27, 4, 3, 3, 0);
INSERT INTO `plan_access` VALUES (125, 15, 1, 3, 1, 2);
INSERT INTO `plan_access` VALUES (59, 171, 6, 2, 3, 1);
INSERT INTO `plan_access` VALUES (155, 141, 4, 1, 4, 6);
INSERT INTO `plan_access` VALUES (157, 127, 1, 2, 1, 3);
INSERT INTO `plan_access` VALUES (144, 68, 1, 2, 1, 8);
INSERT INTO `plan_access` VALUES (112, 92, 3, 3, 4, 0);
INSERT INTO `plan_access` VALUES (181, 11, 7, 2, 1, 3);
INSERT INTO `plan_access` VALUES (67, 152, 6, 3, 3, 3);
INSERT INTO `plan_access` VALUES (22, 61, 8, 3, 3, 8);
INSERT INTO `plan_access` VALUES (96, 2, 6, 3, 2, 7);
INSERT INTO `plan_access` VALUES (183, 157, 6, 2, 3, 0);
INSERT INTO `plan_access` VALUES (115, 32, 7, 2, 2, 8);
INSERT INTO `plan_access` VALUES (157, 55, 7, 1, 4, 7);
INSERT INTO `plan_access` VALUES (156, 156, 9, 1, 1, 1);
INSERT INTO `plan_access` VALUES (132, 35, 6, 2, 3, 2);
INSERT INTO `plan_access` VALUES (73, 138, 4, 3, 1, 0);
INSERT INTO `plan_access` VALUES (86, 5, 5, 2, 3, 6);
INSERT INTO `plan_access` VALUES (17, 5, 4, 1, 3, 1);
INSERT INTO `plan_access` VALUES (152, 144, 5, 2, 3, 6);
INSERT INTO `plan_access` VALUES (122, 31, 1, 2, 4, 4);
INSERT INTO `plan_access` VALUES (134, 103, 3, 2, 4, 3);
INSERT INTO `plan_access` VALUES (67, 148, 4, 2, 3, 8);
INSERT INTO `plan_access` VALUES (14, 101, 5, 3, 3, 2);
INSERT INTO `plan_access` VALUES (80, 2, 8, 3, 2, 0);
INSERT INTO `plan_access` VALUES (31, 8, 5, 1, 2, 0);
INSERT INTO `plan_access` VALUES (76, 28, 7, 1, 4, 6);
INSERT INTO `plan_access` VALUES (12, 116, 7, 2, 3, 8);
INSERT INTO `plan_access` VALUES (94, 26, 5, 1, 2, 6);
INSERT INTO `plan_access` VALUES (148, 130, 2, 3, 3, 0);
INSERT INTO `plan_access` VALUES (47, 27, 7, 1, 2, 4);
INSERT INTO `plan_access` VALUES (179, 49, 7, 2, 4, 5);
INSERT INTO `plan_access` VALUES (163, 29, 7, 3, 3, 7);
INSERT INTO `plan_access` VALUES (49, 18, 9, 2, 2, 9);
INSERT INTO `plan_access` VALUES (121, 120, 1, 2, 1, 0);
INSERT INTO `plan_access` VALUES (122, 140, 4, 3, 2, 9);
INSERT INTO `plan_access` VALUES (117, 12, 5, 2, 2, 8);
INSERT INTO `plan_access` VALUES (171, 113, 2, 3, 4, 8);
INSERT INTO `plan_access` VALUES (109, 36, 7, 1, 2, 1);
INSERT INTO `plan_access` VALUES (125, 62, 1, 3, 2, 4);
INSERT INTO `plan_access` VALUES (104, 182, 1, 2, 1, 9);
INSERT INTO `plan_access` VALUES (114, 197, 8, 3, 3, 3);
INSERT INTO `plan_access` VALUES (75, 48, 4, 2, 3, 6);
INSERT INTO `plan_access` VALUES (150, 119, 7, 2, 3, 9);
INSERT INTO `plan_access` VALUES (107, 184, 2, 2, 1, 3);
INSERT INTO `plan_access` VALUES (172, 25, 4, 3, 2, 1);
INSERT INTO `plan_access` VALUES (40, 122, 2, 2, 3, 2);
INSERT INTO `plan_access` VALUES (105, 104, 2, 2, 2, 0);
INSERT INTO `plan_access` VALUES (74, 105, 3, 1, 3, 6);
INSERT INTO `plan_access` VALUES (113, 103, 5, 2, 2, 5);
INSERT INTO `plan_access` VALUES (73, 83, 1, 3, 3, 0);
INSERT INTO `plan_access` VALUES (174, 164, 4, 3, 3, 1);
INSERT INTO `plan_access` VALUES (54, 194, 6, 3, 3, 9);
INSERT INTO `plan_access` VALUES (144, 4, 9, 3, 2, 3);
INSERT INTO `plan_access` VALUES (187, 70, 1, 1, 2, 3);
INSERT INTO `plan_access` VALUES (54, 126, 8, 3, 2, 1);
INSERT INTO `plan_access` VALUES (145, 99, 5, 2, 2, 6);
INSERT INTO `plan_access` VALUES (2, 44, 7, 3, 2, 6);
INSERT INTO `plan_access` VALUES (14, 127, 7, 2, 2, 6);
INSERT INTO `plan_access` VALUES (184, 82, 5, 1, 2, 4);
INSERT INTO `plan_access` VALUES (9, 167, 1, 3, 1, 3);
INSERT INTO `plan_access` VALUES (64, 108, 8, 2, 2, 8);
INSERT INTO `plan_access` VALUES (176, 123, 5, 1, 2, 4);
INSERT INTO `plan_access` VALUES (118, 145, 7, 2, 3, 8);
INSERT INTO `plan_access` VALUES (91, 4, 6, 1, 3, 8);
INSERT INTO `plan_access` VALUES (77, 167, 4, 2, 3, 4);
INSERT INTO `plan_access` VALUES (94, 25, 4, 2, 3, 3);
INSERT INTO `plan_access` VALUES (22, 69, 5, 2, 3, 0);
INSERT INTO `plan_access` VALUES (5, 182, 4, 1, 3, 7);
INSERT INTO `plan_access` VALUES (30, 155, 6, 1, 2, 0);
INSERT INTO `plan_access` VALUES (34, 66, 5, 2, 2, 4);
INSERT INTO `plan_access` VALUES (147, 159, 6, 1, 2, 0);
INSERT INTO `plan_access` VALUES (6, 200, 8, 2, 1, 5);
INSERT INTO `plan_access` VALUES (55, 58, 5, 2, 3, 1);
INSERT INTO `plan_access` VALUES (31, 154, 7, 3, 1, 6);
INSERT INTO `plan_access` VALUES (130, 57, 7, 2, 4, 8);
INSERT INTO `plan_access` VALUES (140, 156, 3, 3, 1, 3);
INSERT INTO `plan_access` VALUES (9, 101, 3, 3, 4, 1);
INSERT INTO `plan_access` VALUES (81, 152, 6, 1, 4, 9);
INSERT INTO `plan_access` VALUES (196, 67, 7, 1, 2, 1);
INSERT INTO `plan_access` VALUES (75, 14, 4, 1, 1, 6);
INSERT INTO `plan_access` VALUES (126, 172, 2, 1, 2, 0);
INSERT INTO `plan_access` VALUES (73, 157, 3, 2, 2, 2);
INSERT INTO `plan_access` VALUES (38, 93, 9, 1, 2, 8);
INSERT INTO `plan_access` VALUES (156, 53, 4, 2, 3, 1);
INSERT INTO `plan_access` VALUES (165, 132, 3, 2, 2, 4);
INSERT INTO `plan_access` VALUES (140, 168, 8, 2, 2, 0);
INSERT INTO `plan_access` VALUES (127, 121, 3, 2, 2, 1);
INSERT INTO `plan_access` VALUES (159, 40, 5, 1, 1, 7);
INSERT INTO `plan_access` VALUES (133, 44, 7, 3, 3, 8);
INSERT INTO `plan_access` VALUES (54, 125, 7, 1, 1, 7);
INSERT INTO `plan_access` VALUES (95, 77, 8, 3, 4, 0);
INSERT INTO `plan_access` VALUES (126, 161, 3, 3, 3, 6);
INSERT INTO `plan_access` VALUES (155, 66, 3, 3, 4, 9);
INSERT INTO `plan_access` VALUES (15, 157, 3, 3, 3, 7);
INSERT INTO `plan_access` VALUES (94, 45, 3, 1, 3, 2);
INSERT INTO `plan_access` VALUES (189, 6, 8, 2, 3, 8);
INSERT INTO `plan_access` VALUES (111, 168, 8, 1, 2, 4);
INSERT INTO `plan_access` VALUES (97, 39, 9, 2, 3, 3);
INSERT INTO `plan_access` VALUES (166, 104, 5, 1, 4, 9);
INSERT INTO `plan_access` VALUES (17, 38, 7, 3, 2, 0);
INSERT INTO `plan_access` VALUES (84, 174, 7, 2, 1, 8);
INSERT INTO `plan_access` VALUES (101, 96, 1, 2, 4, 8);
INSERT INTO `plan_access` VALUES (159, 26, 9, 2, 1, 3);
INSERT INTO `plan_access` VALUES (159, 193, 3, 3, 2, 8);
INSERT INTO `plan_access` VALUES (28, 102, 7, 2, 2, 9);
INSERT INTO `plan_access` VALUES (157, 83, 7, 2, 3, 5);
INSERT INTO `plan_access` VALUES (55, 10, 3, 1, 1, 8);
INSERT INTO `plan_access` VALUES (198, 160, 2, 2, 4, 1);
INSERT INTO `plan_access` VALUES (98, 112, 9, 2, 3, 2);
INSERT INTO `plan_access` VALUES (13, 143, 5, 1, 2, 2);
INSERT INTO `plan_access` VALUES (27, 57, 2, 2, 3, 2);
INSERT INTO `plan_access` VALUES (59, 183, 2, 2, 3, 5);
INSERT INTO `plan_access` VALUES (98, 122, 4, 2, 3, 1);
INSERT INTO `plan_access` VALUES (33, 120, 5, 1, 3, 6);
INSERT INTO `plan_access` VALUES (185, 158, 3, 2, 3, 2);
INSERT INTO `plan_access` VALUES (28, 187, 9, 1, 4, 7);
INSERT INTO `plan_access` VALUES (5, 73, 7, 2, 3, 7);
INSERT INTO `plan_access` VALUES (57, 100, 5, 2, 2, 2);
INSERT INTO `plan_access` VALUES (114, 131, 6, 2, 1, 1);
INSERT INTO `plan_access` VALUES (7, 88, 5, 2, 1, 1);
INSERT INTO `plan_access` VALUES (101, 81, 4, 2, 2, 9);
INSERT INTO `plan_access` VALUES (192, 77, 4, 2, 4, 5);
INSERT INTO `plan_access` VALUES (131, 134, 3, 2, 4, 9);
INSERT INTO `plan_access` VALUES (165, 199, 2, 1, 3, 6);
INSERT INTO `plan_access` VALUES (60, 105, 7, 3, 3, 0);
INSERT INTO `plan_access` VALUES (128, 136, 9, 1, 4, 7);
INSERT INTO `plan_access` VALUES (117, 152, 6, 2, 2, 8);
INSERT INTO `plan_access` VALUES (81, 124, 6, 1, 2, 2);
INSERT INTO `plan_access` VALUES (26, 92, 3, 1, 3, 8);
INSERT INTO `plan_access` VALUES (159, 88, 5, 3, 1, 3);
INSERT INTO `plan_access` VALUES (2, 113, 6, 2, 3, 4);
INSERT INTO `plan_access` VALUES (195, 191, 6, 2, 2, 2);
INSERT INTO `plan_access` VALUES (187, 82, 5, 3, 2, 7);
INSERT INTO `plan_access` VALUES (199, 197, 1, 3, 4, 5);
INSERT INTO `plan_access` VALUES (10, 107, 8, 1, 2, 6);
INSERT INTO `plan_access` VALUES (105, 14, 6, 2, 3, 8);
INSERT INTO `plan_access` VALUES (157, 132, 3, 3, 2, 5);
INSERT INTO `plan_access` VALUES (174, 57, 2, 2, 2, 5);
INSERT INTO `plan_access` VALUES (122, 17, 3, 3, 3, 7);
INSERT INTO `plan_access` VALUES (151, 15, 2, 1, 4, 0);
INSERT INTO `plan_access` VALUES (80, 10, 8, 2, 3, 4);
INSERT INTO `plan_access` VALUES (18, 112, 2, 3, 4, 5);
INSERT INTO `plan_access` VALUES (25, 111, 7, 3, 3, 6);
INSERT INTO `plan_access` VALUES (7, 6, 5, 1, 2, 1);
INSERT INTO `plan_access` VALUES (79, 120, 3, 1, 2, 8);
INSERT INTO `plan_access` VALUES (106, 79, 4, 2, 2, 0);
INSERT INTO `plan_access` VALUES (78, 6, 4, 3, 3, 7);
INSERT INTO `plan_access` VALUES (86, 137, 1, 2, 4, 6);
INSERT INTO `plan_access` VALUES (184, 46, 3, 1, 2, 6);
INSERT INTO `plan_access` VALUES (198, 121, 2, 2, 4, 2);
INSERT INTO `plan_access` VALUES (32, 7, 5, 1, 3, 3);
INSERT INTO `plan_access` VALUES (112, 44, 7, 2, 2, 5);
INSERT INTO `plan_access` VALUES (87, 38, 2, 3, 2, 4);
INSERT INTO `plan_access` VALUES (23, 26, 7, 3, 2, 9);
INSERT INTO `plan_access` VALUES (128, 47, 8, 2, 3, 4);
INSERT INTO `plan_access` VALUES (24, 21, 3, 2, 1, 0);
INSERT INTO `plan_access` VALUES (97, 26, 8, 1, 4, 5);
INSERT INTO `plan_access` VALUES (154, 167, 3, 2, 2, 5);
INSERT INTO `plan_access` VALUES (163, 161, 8, 3, 3, 8);
INSERT INTO `plan_access` VALUES (132, 183, 7, 3, 4, 2);
INSERT INTO `plan_access` VALUES (146, 156, 5, 1, 2, 2);
INSERT INTO `plan_access` VALUES (122, 142, 7, 2, 3, 5);
INSERT INTO `plan_access` VALUES (9, 94, 1, 1, 3, 8);
INSERT INTO `plan_access` VALUES (168, 178, 5, 2, 2, 1);
INSERT INTO `plan_access` VALUES (16, 184, 3, 1, 2, 4);
INSERT INTO `plan_access` VALUES (74, 12, 7, 3, 3, 1);
INSERT INTO `plan_access` VALUES (38, 30, 2, 3, 3, 3);
INSERT INTO `plan_access` VALUES (56, 108, 4, 3, 2, 3);
INSERT INTO `plan_access` VALUES (79, 38, 2, 2, 2, 2);
INSERT INTO `plan_access` VALUES (33, 23, 2, 3, 3, 1);
INSERT INTO `plan_access` VALUES (120, 132, 5, 2, 1, 5);
INSERT INTO `plan_access` VALUES (129, 105, 6, 1, 4, 7);
INSERT INTO `plan_access` VALUES (57, 116, 3, 3, 3, 3);
INSERT INTO `plan_access` VALUES (144, 179, 5, 2, 3, 3);
INSERT INTO `plan_access` VALUES (4, 3, 2, 1, 3, 0);
INSERT INTO `plan_access` VALUES (55, 198, 8, 2, 2, 5);
INSERT INTO `plan_access` VALUES (159, 148, 3, 3, 2, 1);
INSERT INTO `plan_access` VALUES (80, 35, 7, 1, 4, 4);
INSERT INTO `plan_access` VALUES (35, 48, 7, 1, 2, 8);
INSERT INTO `plan_access` VALUES (72, 95, 7, 2, 4, 3);
INSERT INTO `plan_access` VALUES (83, 79, 5, 3, 4, 8);
INSERT INTO `plan_access` VALUES (99, 169, 5, 3, 2, 5);
INSERT INTO `plan_access` VALUES (112, 195, 3, 2, 3, 0);
INSERT INTO `plan_access` VALUES (11, 142, 6, 1, 2, 7);
INSERT INTO `plan_access` VALUES (149, 186, 2, 2, 1, 6);
INSERT INTO `plan_access` VALUES (101, 77, 2, 2, 4, 5);
INSERT INTO `plan_access` VALUES (120, 18, 6, 2, 2, 2);
INSERT INTO `plan_access` VALUES (144, 103, 7, 2, 3, 2);
INSERT INTO `plan_access` VALUES (112, 181, 3, 3, 4, 6);
INSERT INTO `plan_access` VALUES (125, 121, 7, 2, 3, 0);
INSERT INTO `plan_access` VALUES (194, 109, 9, 2, 2, 4);
INSERT INTO `plan_access` VALUES (166, 20, 7, 2, 1, 8);
INSERT INTO `plan_access` VALUES (40, 200, 1, 3, 4, 5);
INSERT INTO `plan_access` VALUES (34, 1, 3, 3, 4, 5);
INSERT INTO `plan_access` VALUES (16, 131, 5, 1, 2, 9);
INSERT INTO `plan_access` VALUES (183, 90, 7, 3, 2, 7);
INSERT INTO `plan_access` VALUES (38, 62, 6, 2, 4, 0);
INSERT INTO `plan_access` VALUES (90, 155, 3, 2, 2, 0);
INSERT INTO `plan_access` VALUES (78, 31, 1, 1, 3, 3);
INSERT INTO `plan_access` VALUES (155, 37, 6, 3, 4, 9);
INSERT INTO `plan_access` VALUES (11, 137, 3, 1, 2, 2);
INSERT INTO `plan_access` VALUES (48, 43, 3, 1, 2, 8);
INSERT INTO `plan_access` VALUES (48, 5, 7, 1, 4, 9);
INSERT INTO `plan_access` VALUES (118, 96, 2, 2, 4, 3);
INSERT INTO `plan_access` VALUES (167, 56, 3, 1, 4, 3);
INSERT INTO `plan_access` VALUES (80, 184, 1, 2, 2, 4);
INSERT INTO `plan_access` VALUES (29, 121, 5, 2, 2, 2);
INSERT INTO `plan_access` VALUES (190, 181, 4, 1, 2, 1);
INSERT INTO `plan_access` VALUES (184, 123, 6, 2, 4, 7);
INSERT INTO `plan_access` VALUES (147, 188, 2, 3, 2, 4);
INSERT INTO `plan_access` VALUES (97, 6, 1, 1, 2, 4);
INSERT INTO `plan_access` VALUES (34, 194, 3, 2, 3, 2);
INSERT INTO `plan_access` VALUES (33, 40, 3, 2, 4, 8);
INSERT INTO `plan_access` VALUES (151, 140, 6, 2, 1, 1);
INSERT INTO `plan_access` VALUES (172, 80, 6, 3, 3, 4);
INSERT INTO `plan_access` VALUES (2, 105, 7, 2, 3, 4);
INSERT INTO `plan_access` VALUES (75, 80, 6, 2, 3, 5);
INSERT INTO `plan_access` VALUES (33, 181, 6, 3, 2, 6);
INSERT INTO `plan_access` VALUES (97, 191, 2, 1, 2, 3);
INSERT INTO `plan_access` VALUES (55, 25, 4, 3, 4, 4);
INSERT INTO `plan_access` VALUES (171, 154, 5, 2, 3, 0);
INSERT INTO `plan_access` VALUES (105, 3, 6, 1, 1, 0);
INSERT INTO `plan_access` VALUES (159, 84, 2, 1, 3, 4);
INSERT INTO `plan_access` VALUES (171, 135, 8, 2, 1, 9);
INSERT INTO `plan_access` VALUES (36, 10, 8, 1, 3, 2);
INSERT INTO `plan_access` VALUES (58, 141, 2, 2, 3, 4);
INSERT INTO `plan_access` VALUES (59, 159, 7, 1, 4, 3);
INSERT INTO `plan_access` VALUES (73, 155, 2, 2, 2, 0);
INSERT INTO `plan_access` VALUES (194, 118, 7, 3, 3, 6);
INSERT INTO `plan_access` VALUES (57, 152, 5, 2, 4, 3);
INSERT INTO `plan_access` VALUES (88, 115, 5, 3, 1, 3);
INSERT INTO `plan_access` VALUES (130, 80, 4, 2, 1, 2);
INSERT INTO `plan_access` VALUES (160, 55, 5, 3, 3, 4);
INSERT INTO `plan_access` VALUES (154, 8, 5, 1, 1, 7);
INSERT INTO `plan_access` VALUES (68, 163, 4, 2, 3, 6);
INSERT INTO `plan_access` VALUES (32, 90, 9, 2, 2, 0);
INSERT INTO `plan_access` VALUES (78, 111, 5, 1, 3, 0);
INSERT INTO `plan_access` VALUES (19, 141, 6, 1, 2, 7);
INSERT INTO `plan_access` VALUES (179, 110, 8, 3, 1, 7);
INSERT INTO `plan_access` VALUES (146, 31, 2, 3, 3, 2);
INSERT INTO `plan_access` VALUES (13, 142, 5, 3, 3, 0);
INSERT INTO `plan_access` VALUES (36, 145, 5, 3, 2, 9);
INSERT INTO `plan_access` VALUES (4, 108, 1, 1, 3, 6);
INSERT INTO `plan_access` VALUES (150, 98, 4, 2, 2, 5);
INSERT INTO `plan_access` VALUES (175, 2, 3, 3, 2, 5);
INSERT INTO `plan_access` VALUES (153, 8, 8, 1, 4, 1);
INSERT INTO `plan_access` VALUES (167, 24, 8, 1, 2, 6);
INSERT INTO `plan_access` VALUES (2, 47, 5, 2, 3, 7);
INSERT INTO `plan_access` VALUES (78, 43, 8, 3, 3, 0);
INSERT INTO `plan_access` VALUES (146, 83, 8, 2, 3, 0);
INSERT INTO `plan_access` VALUES (25, 139, 7, 2, 3, 8);
INSERT INTO `plan_access` VALUES (174, 19, 6, 3, 2, 8);
INSERT INTO `plan_access` VALUES (189, 67, 7, 2, 4, 4);
INSERT INTO `plan_access` VALUES (120, 84, 3, 2, 4, 3);
INSERT INTO `plan_access` VALUES (166, 108, 9, 2, 1, 2);
INSERT INTO `plan_access` VALUES (22, 119, 3, 2, 2, 5);
INSERT INTO `plan_access` VALUES (82, 66, 8, 1, 3, 7);
INSERT INTO `plan_access` VALUES (111, 16, 5, 1, 4, 9);
INSERT INTO `plan_access` VALUES (106, 32, 6, 3, 3, 5);
INSERT INTO `plan_access` VALUES (116, 71, 3, 3, 3, 3);
INSERT INTO `plan_access` VALUES (150, 163, 2, 2, 2, 5);
INSERT INTO `plan_access` VALUES (177, 4, 4, 2, 2, 4);
INSERT INTO `plan_access` VALUES (75, 94, 8, 2, 2, 8);
INSERT INTO `plan_access` VALUES (74, 168, 2, 3, 1, 2);
INSERT INTO `plan_access` VALUES (157, 173, 8, 2, 2, 6);
INSERT INTO `plan_access` VALUES (108, 178, 3, 2, 1, 8);
INSERT INTO `plan_access` VALUES (88, 84, 2, 2, 3, 6);
INSERT INTO `plan_access` VALUES (141, 153, 8, 2, 2, 1);
INSERT INTO `plan_access` VALUES (80, 7, 2, 2, 1, 8);
INSERT INTO `plan_access` VALUES (131, 109, 2, 2, 3, 6);
INSERT INTO `plan_access` VALUES (165, 147, 9, 3, 1, 0);
INSERT INTO `plan_access` VALUES (79, 54, 3, 2, 2, 6);
INSERT INTO `plan_access` VALUES (32, 90, 7, 2, 2, 0);
INSERT INTO `plan_access` VALUES (9, 51, 2, 1, 1, 2);
INSERT INTO `plan_access` VALUES (188, 50, 3, 2, 3, 3);
INSERT INTO `plan_access` VALUES (114, 103, 6, 2, 2, 3);
INSERT INTO `plan_access` VALUES (156, 139, 2, 1, 1, 3);
INSERT INTO `plan_access` VALUES (151, 123, 2, 1, 2, 0);
INSERT INTO `plan_access` VALUES (100, 51, 4, 1, 3, 1);
INSERT INTO `plan_access` VALUES (103, 72, 9, 3, 2, 4);
INSERT INTO `plan_access` VALUES (50, 181, 1, 2, 2, 0);
INSERT INTO `plan_access` VALUES (150, 115, 6, 1, 2, 1);
INSERT INTO `plan_access` VALUES (127, 148, 6, 2, 2, 2);
INSERT INTO `plan_access` VALUES (29, 73, 9, 2, 3, 5);
INSERT INTO `plan_access` VALUES (129, 198, 3, 3, 2, 9);
INSERT INTO `plan_access` VALUES (15, 177, 6, 1, 3, 5);
INSERT INTO `plan_access` VALUES (94, 62, 7, 2, 3, 8);
INSERT INTO `plan_access` VALUES (159, 87, 6, 1, 3, 5);
INSERT INTO `plan_access` VALUES (62, 195, 8, 2, 2, 5);
INSERT INTO `plan_access` VALUES (134, 39, 3, 2, 3, 9);
INSERT INTO `plan_access` VALUES (58, 198, 8, 2, 3, 3);
INSERT INTO `plan_access` VALUES (129, 67, 4, 2, 2, 1);
INSERT INTO `plan_access` VALUES (85, 138, 8, 2, 1, 0);
INSERT INTO `plan_access` VALUES (177, 99, 9, 1, 1, 1);
INSERT INTO `plan_access` VALUES (1, 25, 3, 1, 4, 2);
INSERT INTO `plan_access` VALUES (194, 161, 8, 3, 3, 8);
INSERT INTO `plan_access` VALUES (87, 195, 2, 2, 2, 5);
INSERT INTO `plan_access` VALUES (72, 33, 9, 3, 3, 7);
INSERT INTO `plan_access` VALUES (7, 106, 1, 1, 2, 6);
INSERT INTO `plan_access` VALUES (142, 55, 7, 2, 3, 9);
INSERT INTO `plan_access` VALUES (88, 192, 3, 3, 4, 6);
INSERT INTO `plan_access` VALUES (68, 89, 7, 2, 2, 8);
INSERT INTO `plan_access` VALUES (132, 24, 7, 2, 3, 3);
INSERT INTO `plan_access` VALUES (59, 93, 3, 2, 3, 5);
INSERT INTO `plan_access` VALUES (86, 20, 5, 2, 1, 3);
INSERT INTO `plan_access` VALUES (86, 68, 5, 2, 3, 6);
INSERT INTO `plan_access` VALUES (26, 83, 8, 1, 3, 5);
INSERT INTO `plan_access` VALUES (100, 28, 7, 2, 3, 6);
INSERT INTO `plan_access` VALUES (82, 180, 3, 2, 3, 5);
INSERT INTO `plan_access` VALUES (22, 153, 9, 3, 2, 5);
INSERT INTO `plan_access` VALUES (29, 2, 5, 2, 2, 3);
INSERT INTO `plan_access` VALUES (6, 71, 7, 2, 2, 2);
INSERT INTO `plan_access` VALUES (5, 37, 6, 2, 3, 1);
INSERT INTO `plan_access` VALUES (81, 3, 7, 2, 1, 0);
INSERT INTO `plan_access` VALUES (167, 109, 2, 2, 2, 9);
INSERT INTO `plan_access` VALUES (115, 96, 4, 2, 4, 3);
INSERT INTO `plan_access` VALUES (139, 107, 8, 2, 1, 7);
INSERT INTO `plan_access` VALUES (118, 108, 3, 2, 2, 4);
INSERT INTO `plan_access` VALUES (176, 78, 9, 1, 2, 0);
INSERT INTO `plan_access` VALUES (184, 17, 9, 1, 2, 8);
INSERT INTO `plan_access` VALUES (109, 195, 4, 1, 2, 6);
INSERT INTO `plan_access` VALUES (170, 78, 4, 3, 2, 1);
INSERT INTO `plan_access` VALUES (30, 142, 6, 3, 1, 3);
INSERT INTO `plan_access` VALUES (33, 193, 4, 2, 3, 1);
INSERT INTO `plan_access` VALUES (169, 197, 6, 2, 3, 7);
INSERT INTO `plan_access` VALUES (187, 16, 4, 3, 1, 3);
INSERT INTO `plan_access` VALUES (172, 140, 7, 2, 1, 7);
INSERT INTO `plan_access` VALUES (156, 186, 7, 3, 1, 2);
INSERT INTO `plan_access` VALUES (106, 51, 2, 2, 2, 9);
INSERT INTO `plan_access` VALUES (97, 197, 7, 2, 1, 3);
INSERT INTO `plan_access` VALUES (120, 58, 4, 2, 3, 5);
INSERT INTO `plan_access` VALUES (80, 47, 7, 2, 2, 4);
INSERT INTO `plan_access` VALUES (26, 10, 4, 3, 2, 3);
INSERT INTO `plan_access` VALUES (189, 103, 4, 2, 1, 3);
INSERT INTO `plan_access` VALUES (166, 154, 5, 2, 3, 7);
INSERT INTO `plan_access` VALUES (109, 138, 5, 3, 4, 6);
INSERT INTO `plan_access` VALUES (163, 148, 4, 2, 3, 8);
INSERT INTO `plan_access` VALUES (182, 184, 7, 2, 2, 2);
INSERT INTO `plan_access` VALUES (8, 13, 6, 2, 4, 3);
INSERT INTO `plan_access` VALUES (173, 17, 7, 2, 3, 8);
INSERT INTO `plan_access` VALUES (57, 118, 5, 2, 2, 1);
INSERT INTO `plan_access` VALUES (97, 161, 6, 2, 3, 8);
INSERT INTO `plan_access` VALUES (168, 186, 4, 2, 4, 9);
INSERT INTO `plan_access` VALUES (23, 170, 2, 3, 4, 3);
INSERT INTO `plan_access` VALUES (60, 40, 1, 1, 3, 9);
INSERT INTO `plan_access` VALUES (52, 100, 1, 1, 3, 8);
INSERT INTO `plan_access` VALUES (129, 182, 8, 1, 2, 3);
INSERT INTO `plan_access` VALUES (100, 155, 7, 2, 1, 5);
INSERT INTO `plan_access` VALUES (136, 190, 3, 2, 4, 6);
INSERT INTO `plan_access` VALUES (121, 131, 4, 2, 1, 0);
INSERT INTO `plan_access` VALUES (125, 2, 6, 3, 2, 6);
INSERT INTO `plan_access` VALUES (35, 153, 5, 2, 2, 8);
INSERT INTO `plan_access` VALUES (132, 199, 5, 2, 4, 4);
INSERT INTO `plan_access` VALUES (92, 40, 7, 3, 3, 8);
INSERT INTO `plan_access` VALUES (123, 101, 4, 2, 1, 7);
INSERT INTO `plan_access` VALUES (63, 28, 1, 3, 2, 6);
INSERT INTO `plan_access` VALUES (134, 88, 9, 2, 4, 0);
INSERT INTO `plan_access` VALUES (37, 193, 4, 2, 3, 4);
INSERT INTO `plan_access` VALUES (108, 89, 2, 1, 2, 7);
INSERT INTO `plan_access` VALUES (2, 80, 7, 3, 3, 4);
INSERT INTO `plan_access` VALUES (199, 189, 9, 2, 1, 4);
INSERT INTO `plan_access` VALUES (27, 56, 1, 2, 2, 3);
INSERT INTO `plan_access` VALUES (125, 111, 5, 2, 3, 5);
INSERT INTO `plan_access` VALUES (48, 124, 3, 1, 4, 3);
INSERT INTO `plan_access` VALUES (31, 62, 3, 3, 3, 5);
INSERT INTO `plan_access` VALUES (10, 73, 5, 3, 1, 4);
INSERT INTO `plan_access` VALUES (35, 127, 4, 2, 3, 4);
INSERT INTO `plan_access` VALUES (197, 14, 8, 1, 2, 9);
INSERT INTO `plan_access` VALUES (142, 42, 4, 2, 2, 5);
INSERT INTO `plan_access` VALUES (94, 84, 4, 2, 4, 6);
INSERT INTO `plan_access` VALUES (3, 91, 4, 2, 4, 5);
INSERT INTO `plan_access` VALUES (170, 79, 9, 2, 1, 8);
INSERT INTO `plan_access` VALUES (135, 63, 1, 1, 3, 7);
INSERT INTO `plan_access` VALUES (86, 143, 8, 2, 2, 6);
INSERT INTO `plan_access` VALUES (154, 40, 4, 2, 4, 9);
INSERT INTO `plan_access` VALUES (183, 7, 5, 3, 3, 5);
INSERT INTO `plan_access` VALUES (52, 109, 3, 2, 2, 5);
INSERT INTO `plan_access` VALUES (101, 52, 5, 3, 4, 1);
INSERT INTO `plan_access` VALUES (127, 68, 8, 3, 2, 5);
INSERT INTO `plan_access` VALUES (77, 136, 9, 2, 2, 8);
INSERT INTO `plan_access` VALUES (194, 79, 5, 2, 3, 6);
INSERT INTO `plan_access` VALUES (52, 127, 7, 2, 2, 4);
INSERT INTO `plan_access` VALUES (92, 198, 8, 3, 4, 2);
INSERT INTO `plan_access` VALUES (44, 19, 6, 1, 2, 0);
INSERT INTO `plan_access` VALUES (10, 199, 4, 2, 2, 0);
INSERT INTO `plan_access` VALUES (124, 152, 9, 1, 2, 2);
INSERT INTO `plan_access` VALUES (33, 178, 2, 1, 3, 8);
INSERT INTO `plan_access` VALUES (63, 190, 4, 2, 2, 3);
INSERT INTO `plan_access` VALUES (33, 4, 9, 3, 4, 8);
INSERT INTO `plan_access` VALUES (126, 76, 3, 2, 2, 4);
INSERT INTO `plan_access` VALUES (188, 108, 5, 2, 2, 5);
INSERT INTO `plan_access` VALUES (42, 58, 5, 3, 4, 3);
INSERT INTO `plan_access` VALUES (39, 191, 9, 3, 1, 2);
INSERT INTO `plan_access` VALUES (43, 166, 3, 2, 2, 7);
INSERT INTO `plan_access` VALUES (113, 3, 2, 1, 3, 0);
INSERT INTO `plan_access` VALUES (175, 107, 4, 1, 3, 7);
INSERT INTO `plan_access` VALUES (138, 145, 5, 2, 4, 4);
INSERT INTO `plan_access` VALUES (50, 8, 2, 2, 2, 8);
INSERT INTO `plan_access` VALUES (42, 100, 5, 3, 2, 9);
INSERT INTO `plan_access` VALUES (45, 149, 2, 3, 1, 1);
INSERT INTO `plan_access` VALUES (89, 30, 9, 3, 2, 2);
INSERT INTO `plan_access` VALUES (79, 6, 2, 2, 2, 2);
INSERT INTO `plan_access` VALUES (183, 144, 5, 1, 1, 9);
INSERT INTO `plan_access` VALUES (20, 55, 7, 3, 3, 2);
INSERT INTO `plan_access` VALUES (70, 100, 9, 3, 2, 2);
INSERT INTO `plan_access` VALUES (169, 113, 4, 2, 4, 7);
INSERT INTO `plan_access` VALUES (143, 19, 5, 2, 2, 8);
INSERT INTO `plan_access` VALUES (191, 39, 4, 1, 1, 5);
INSERT INTO `plan_access` VALUES (12, 87, 7, 2, 1, 8);
INSERT INTO `plan_access` VALUES (52, 195, 8, 3, 4, 8);
INSERT INTO `plan_access` VALUES (81, 174, 5, 3, 2, 8);
INSERT INTO `plan_access` VALUES (11, 157, 1, 2, 2, 1);
INSERT INTO `plan_access` VALUES (88, 65, 9, 2, 1, 5);
INSERT INTO `plan_access` VALUES (191, 56, 5, 2, 4, 4);
INSERT INTO `plan_access` VALUES (67, 85, 6, 2, 3, 9);
INSERT INTO `plan_access` VALUES (57, 17, 4, 3, 3, 2);
INSERT INTO `plan_access` VALUES (68, 45, 7, 1, 2, 0);
INSERT INTO `plan_access` VALUES (31, 117, 5, 2, 3, 8);
INSERT INTO `plan_access` VALUES (29, 54, 8, 3, 4, 5);
INSERT INTO `plan_access` VALUES (112, 21, 2, 2, 3, 9);
INSERT INTO `plan_access` VALUES (80, 148, 4, 3, 3, 3);
INSERT INTO `plan_access` VALUES (55, 143, 6, 2, 2, 6);
INSERT INTO `plan_access` VALUES (147, 130, 6, 2, 4, 3);
INSERT INTO `plan_access` VALUES (1, 89, 7, 3, 2, 1);
INSERT INTO `plan_access` VALUES (24, 55, 7, 1, 2, 5);
INSERT INTO `plan_access` VALUES (25, 126, 8, 1, 2, 7);
INSERT INTO `plan_access` VALUES (176, 67, 7, 2, 2, 7);
INSERT INTO `plan_access` VALUES (62, 16, 5, 3, 2, 9);
INSERT INTO `plan_access` VALUES (170, 6, 6, 2, 4, 2);
INSERT INTO `plan_access` VALUES (176, 184, 8, 1, 4, 2);
INSERT INTO `plan_access` VALUES (84, 99, 9, 1, 1, 7);
INSERT INTO `plan_access` VALUES (44, 64, 9, 2, 3, 8);
INSERT INTO `plan_access` VALUES (135, 42, 9, 2, 1, 9);
INSERT INTO `plan_access` VALUES (40, 75, 5, 1, 1, 4);
INSERT INTO `plan_access` VALUES (63, 155, 7, 1, 3, 7);
INSERT INTO `plan_access` VALUES (89, 166, 2, 3, 4, 4);
INSERT INTO `plan_access` VALUES (48, 66, 4, 3, 2, 2);
INSERT INTO `plan_access` VALUES (192, 124, 6, 2, 4, 7);
INSERT INTO `plan_access` VALUES (79, 152, 3, 3, 3, 8);
INSERT INTO `plan_access` VALUES (152, 87, 8, 1, 2, 3);
INSERT INTO `plan_access` VALUES (99, 144, 7, 2, 3, 7);
INSERT INTO `plan_access` VALUES (58, 66, 1, 1, 1, 7);
INSERT INTO `plan_access` VALUES (119, 41, 4, 2, 4, 7);
INSERT INTO `plan_access` VALUES (70, 114, 2, 2, 3, 0);
INSERT INTO `plan_access` VALUES (123, 99, 2, 3, 3, 3);
INSERT INTO `plan_access` VALUES (184, 21, 8, 1, 4, 9);
INSERT INTO `plan_access` VALUES (182, 13, 7, 3, 1, 6);
INSERT INTO `plan_access` VALUES (154, 89, 3, 2, 2, 2);
INSERT INTO `plan_access` VALUES (188, 80, 4, 1, 4, 2);
INSERT INTO `plan_access` VALUES (117, 114, 3, 3, 3, 4);
INSERT INTO `plan_access` VALUES (178, 123, 8, 2, 3, 2);
INSERT INTO `plan_access` VALUES (65, 122, 7, 2, 3, 3);
INSERT INTO `plan_access` VALUES (74, 173, 9, 2, 2, 9);
INSERT INTO `plan_access` VALUES (51, 46, 9, 3, 2, 0);
INSERT INTO `plan_access` VALUES (122, 97, 9, 3, 2, 6);
INSERT INTO `plan_access` VALUES (181, 67, 2, 2, 2, 9);
INSERT INTO `plan_access` VALUES (61, 137, 4, 1, 1, 5);
INSERT INTO `plan_access` VALUES (106, 133, 3, 3, 3, 5);
INSERT INTO `plan_access` VALUES (112, 156, 6, 2, 3, 8);
COMMIT;

-- ----------------------------
-- Table structure for school
-- ----------------------------
DROP TABLE IF EXISTS `school`;
CREATE TABLE `school` (
  `school_id` int NOT NULL AUTO_INCREMENT COMMENT '学校id',
  `school_name` varchar(255) CHARACTER SET utf8 COLLATE utf8_general_ci DEFAULT NULL COMMENT '学校名称',
  PRIMARY KEY (`school_id`) USING BTREE
) ENGINE=MyISAM AUTO_INCREMENT=25 DEFAULT CHARSET=utf8 ROW_FORMAT=DYNAMIC COMMENT='学校';

-- ----------------------------
-- Records of school
-- ----------------------------
BEGIN;
INSERT INTO `school` VALUES (1, '内蒙古师范大学');
INSERT INTO `school` VALUES (2, '内蒙古大学');
INSERT INTO `school` VALUES (3, '内蒙古财经大学');
INSERT INTO `school` VALUES (4, '清华大学');
INSERT INTO `school` VALUES (5, '北京大学');
INSERT INTO `school` VALUES (6, '烨伟51大学');
INSERT INTO `school` VALUES (7, '智宸_冯大学');
INSERT INTO `school` VALUES (8, '立诚.于28大学');
INSERT INTO `school` VALUES (9, '浩_邓大学');
INSERT INTO `school` VALUES (10, '琪_李70大学');
INSERT INTO `school` VALUES (11, '凯瑞98大学');
INSERT INTO `school` VALUES (12, '立辉.卢1大学');
INSERT INTO `school` VALUES (13, '子涵.周6大学');
INSERT INTO `school` VALUES (14, '思淼.苏大学');
INSERT INTO `school` VALUES (15, '晓啸.廖大学');
INSERT INTO `school` VALUES (16, '涛.许64大学');
INSERT INTO `school` VALUES (17, '昊天_魏大学');
INSERT INTO `school` VALUES (18, '伟祺16大学');
INSERT INTO `school` VALUES (19, '伟宸.夏大学');
INSERT INTO `school` VALUES (20, '思远20大学');
INSERT INTO `school` VALUES (21, '弘文.孔49大学');
INSERT INTO `school` VALUES (22, '博超_程大学');
INSERT INTO `school` VALUES (23, '绍辉_李60大学');
INSERT INTO `school` VALUES (24, '耀杰_张58大学');
COMMIT;

-- ----------------------------
-- Table structure for student
-- ----------------------------
DROP TABLE IF EXISTS `student`;
CREATE TABLE `student` (
  `sid` int NOT NULL,
  `student_name` varchar(255) CHARACTER SET utf8mb4 COLLATE utf8mb4_0900_ai_ci DEFAULT NULL,
  `sage` int DEFAULT NULL,
  `saddr` varchar(255) DEFAULT NULL,
  `born_date` datetime DEFAULT NULL,
  `sex` char(8) DEFAULT NULL,
  PRIMARY KEY (`sid`)
) ENGINE=MyISAM DEFAULT CHARSET=utf8mb4 COLLATE=utf8mb4_0900_ai_ci;

-- ----------------------------
-- Records of student
-- ----------------------------
BEGIN;
INSERT INTO `student` VALUES (176, '孟航', 19, '浩宇码市', NULL, '男');
INSERT INTO `student` VALUES (175, '姚鑫磊', 27, '曹乡县', NULL, '男');
INSERT INTO `student` VALUES (174, '刘晟睿', 30, '太 熠彤南市', NULL, '女');
INSERT INTO `student` VALUES (173, '郭立轩', 20, '伟祺林市', NULL, '女');
INSERT INTO `student` VALUES (172, '袁修洁', 23, '武 雨泽', NULL, '男');
INSERT INTO `student` VALUES (171, '徐烨磊', 26, '秦京市', NULL, '女');
INSERT INTO `student` VALUES (170, '梁烨华', 27, '昊焱南市', NULL, '女');
INSERT INTO `student` VALUES (169, '顾文轩', 20, '振家阳市', NULL, '女');
INSERT INTO `student` VALUES (168, '沈睿渊', 26, '钱阳市', NULL, '女');
INSERT INTO `student` VALUES (167, '范睿渊', 19, 'Belleville', NULL, '男');
INSERT INTO `student` VALUES (166, '傅驰', 21, '太 思淼沙市', NULL, '女');
INSERT INTO `student` VALUES (165, '赵黎昕', 25, 'Bridgeport', NULL, '女');
INSERT INTO `student` VALUES (164, '龚擎苍', 29, '海 懿轩', NULL, '女');
INSERT INTO `student` VALUES (163, '赖健雄', 27, '思聪安市', NULL, '女');
INSERT INTO `student` VALUES (162, '洪子涵', 21, '济 立果', NULL, '女');
INSERT INTO `student` VALUES (161, '韦晓博', 22, 'Bend', NULL, '女');
INSERT INTO `student` VALUES (160, '钱旭尧', 28, '西 振家', NULL, '女');
INSERT INTO `student` VALUES (159, '万苑博', 20, '明杰都市', NULL, '男');
INSERT INTO `student` VALUES (158, '蒋鸿煊', 25, '鸿煊海市', NULL, '女');
INSERT INTO `student` VALUES (157, '熊明', 22, '海 梓晨沙市', NULL, '女');
INSERT INTO `student` VALUES (156, '邹楷瑞', 27, '曾汉市', NULL, '女');
INSERT INTO `student` VALUES (155, '蔡浩轩', 26, '吴宁市', NULL, '女');
INSERT INTO `student` VALUES (154, '夏文', 26, '钟沙市', NULL, '男');
INSERT INTO `student` VALUES (153, '徐思远', 27, 'Wyoming', NULL, '女');
INSERT INTO `student` VALUES (152, '卢立轩', 27, 'Millcreek', NULL, '男');
INSERT INTO `student` VALUES (151, '崔炫明', 23, '苏原市', NULL, '男');
INSERT INTO `student` VALUES (150, '吕博涛', 29, '马沙市', NULL, '女');
INSERT INTO `student` VALUES (149, '吕明杰', 26, 'Waterbury', NULL, '男');
INSERT INTO `student` VALUES (148, '邓弘文', 21, '福 哲瀚沙市', NULL, '男');
INSERT INTO `student` VALUES (147, '彭思淼', 23, '熠彤林市', NULL, '男');
INSERT INTO `student` VALUES (146, '谢嘉懿', 26, '蔡安市', NULL, '男');
INSERT INTO `student` VALUES (145, '陶煜祺', 19, '曹口市', NULL, '女');
INSERT INTO `student` VALUES (144, '钟烨伟', 30, 'Santa Ana', NULL, '男');
INSERT INTO `student` VALUES (143, '黄子轩', 22, '鹏煊汉市', NULL, '女');
INSERT INTO `student` VALUES (142, '李鑫磊', 28, '珠 立果', NULL, '女');
INSERT INTO `student` VALUES (141, '傅浩轩', 23, '文原市', NULL, '女');
INSERT INTO `student` VALUES (140, '孙智渊', 20, '福 明杰原市', NULL, '女');
INSERT INTO `student` VALUES (139, '钱浩宇', 20, 'Millcreek', NULL, '女');
INSERT INTO `student` VALUES (138, '贾烨霖', 22, '峻熙州市', NULL, '男');
INSERT INTO `student` VALUES (137, '胡立果', 19, '厦 钰轩阳市', NULL, '女');
INSERT INTO `student` VALUES (136, '郝展鹏', 19, '志泽阳市', NULL, '男');
INSERT INTO `student` VALUES (135, '钱振家', 21, '珠 钰轩安市', NULL, '男');
INSERT INTO `student` VALUES (134, '莫皓轩', 22, 'Ocala', NULL, '男');
INSERT INTO `student` VALUES (133, '沈语堂', 25, 'Paramount', NULL, '女');
INSERT INTO `student` VALUES (132, '程煜城', 25, '赵汉市', NULL, '女');
INSERT INTO `student` VALUES (131, '黎弘文', 26, 'San Francisco', NULL, '女');
INSERT INTO `student` VALUES (130, '张伟泽', 21, '太 子轩原市', NULL, '男');
INSERT INTO `student` VALUES (129, '江致远', 26, 'Kennewick', NULL, '男');
INSERT INTO `student` VALUES (128, '王昊天', 22, '西 晟睿阳市', NULL, '男');
INSERT INTO `student` VALUES (127, '于晓博', 19, 'Bel Air South', NULL, '女');
INSERT INTO `student` VALUES (126, '龙琪', 23, '毛汉市', NULL, '男');
INSERT INTO `student` VALUES (125, '贺浩轩', 23, 'Oxnard', NULL, '男');
INSERT INTO `student` VALUES (124, '于晟睿', 29, '济 浩然阳市', NULL, '女');
INSERT INTO `student` VALUES (123, '贺笑愚', 24, '钰轩林市', NULL, '男');
INSERT INTO `student` VALUES (122, '毛浩', 24, '包 皓轩头市', NULL, '男');
INSERT INTO `student` VALUES (121, '谢晟睿', 26, '志泽码市', NULL, '女');
INSERT INTO `student` VALUES (120, '段耀杰', 22, 'Redding', NULL, '女');
INSERT INTO `student` VALUES (119, '覃文昊', 26, '海 子涵码市', NULL, '男');
INSERT INTO `student` VALUES (118, '林弘文', 29, '上 烨磊原市', NULL, '女');
INSERT INTO `student` VALUES (117, '陈致远', 20, '黎昕海市', NULL, '女');
INSERT INTO `student` VALUES (116, '万绍齐', 22, 'Columbia', NULL, '女');
INSERT INTO `student` VALUES (115, '钟健雄', 25, '诸 志泽', NULL, '男');
INSERT INTO `student` VALUES (114, '黎俊驰', 19, '皓轩都市', NULL, '男');
INSERT INTO `student` VALUES (113, '史修杰', 19, '太 炎彬', NULL, '女');
INSERT INTO `student` VALUES (112, '石致远', 25, '姜州市', NULL, '女');
INSERT INTO `student` VALUES (111, '万思远', 24, '吉 鑫鹏', NULL, '女');
INSERT INTO `student` VALUES (110, '夏博涛', 27, '长 明南市', NULL, '女');
INSERT INTO `student` VALUES (109, '马立轩', 19, '海 文原市', NULL, '男');
INSERT INTO `student` VALUES (108, '陈立辉', 29, '钟京市', NULL, '男');
INSERT INTO `student` VALUES (107, '莫伟诚', 27, 'Reston', NULL, '女');
INSERT INTO `student` VALUES (106, '孟远航', 20, '衡 鹏涛', NULL, '男');
INSERT INTO `student` VALUES (105, '沈黎昕', 23, 'Decatur', NULL, '女');
INSERT INTO `student` VALUES (104, '袁文博', 30, '鹭洋阳市', NULL, '男');
INSERT INTO `student` VALUES (103, '白航', 29, '鹏煊乡县', NULL, '女');
INSERT INTO `student` VALUES (102, '蒋俊驰', 19, '西 烨伟', NULL, '女');
INSERT INTO `student` VALUES (101, '廖智辉', 30, '济 雨泽码市', NULL, '男');
INSERT INTO `student` VALUES (100, '万子轩', 25, 'Twin Falls', NULL, '女');
INSERT INTO `student` VALUES (99, '郑烨霖', 28, 'Trenton', NULL, '女');
INSERT INTO `student` VALUES (98, '傅文昊', 24, '武 伟诚', NULL, '男');
INSERT INTO `student` VALUES (97, '崔果', 27, '上 弘文', NULL, '男');
INSERT INTO `student` VALUES (96, '江明杰', 21, '刘门市', NULL, '男');
INSERT INTO `student` VALUES (95, '石越彬', 23, '涛沙市', NULL, '女');
INSERT INTO `student` VALUES (94, '傅彬', 27, '乐驹海市', NULL, '女');
INSERT INTO `student` VALUES (93, '傅雨泽', 29, '范口市', NULL, '男');
INSERT INTO `student` VALUES (92, '覃驰', 19, '武 志泽徽市', NULL, '女');
INSERT INTO `student` VALUES (91, '韩晋鹏', 20, '驰都市', NULL, '男');
INSERT INTO `student` VALUES (90, '宋瑞霖', 19, '南 致远京市', NULL, '女');
INSERT INTO `student` VALUES (89, '熊鹭洋', 24, '擎苍汉市', NULL, '男');
INSERT INTO `student` VALUES (88, '曾天宇', 20, '福 博涛宁市', NULL, '男');
INSERT INTO `student` VALUES (87, '韦炫明', 25, '成 志泽都市', NULL, '女');
INSERT INTO `student` VALUES (86, '范立辉', 20, '风华汉市', NULL, '女');
INSERT INTO `student` VALUES (85, '曾思', 22, 'Frisco', NULL, '男');
INSERT INTO `student` VALUES (84, '顾凯瑞', 19, 'Ponce', NULL, '男');
INSERT INTO `student` VALUES (83, '罗子轩', 21, 'Cleveland', NULL, '女');
INSERT INTO `student` VALUES (82, '谢语堂', 29, '唐南市', NULL, '男');
INSERT INTO `student` VALUES (81, '唐文', 30, '宁 雨泽', NULL, '女');
INSERT INTO `student` VALUES (80, '王思聪', 23, '贵 峻熙门市', NULL, '男');
INSERT INTO `student` VALUES (79, '白越彬', 29, 'Bloomington', NULL, '女');
INSERT INTO `student` VALUES (78, '王建辉', 20, '济 思源', NULL, '女');
INSERT INTO `student` VALUES (77, '袁旭尧', 21, '安 越彬', NULL, '男');
INSERT INTO `student` VALUES (76, '莫立果', 21, '任徽市', NULL, '女');
INSERT INTO `student` VALUES (75, '陆晋鹏', 22, '厦 烨霖', NULL, '男');
INSERT INTO `student` VALUES (74, '张志泽', 25, '武头市', NULL, '女');
INSERT INTO `student` VALUES (73, '史锦程', 21, '姚徽市', NULL, '男');
INSERT INTO `student` VALUES (72, '洪聪健', 30, '弘文门市', NULL, '男');
INSERT INTO `student` VALUES (71, '洪耀杰', 19, 'Pasco', NULL, '女');
INSERT INTO `student` VALUES (70, '高伟泽', 26, '马码市', NULL, '女');
INSERT INTO `student` VALUES (69, '宋浩轩', 25, '天磊阳市', NULL, '女');
INSERT INTO `student` VALUES (68, '姜浩', 29, 'Pueblo', NULL, '女');
INSERT INTO `student` VALUES (67, '冯博文', 20, '段宁市', NULL, '男');
INSERT INTO `student` VALUES (66, '武风华', 29, '吉 思源', NULL, '男');
INSERT INTO `student` VALUES (65, '武伟祺', 27, '海 弘文', NULL, '男');
INSERT INTO `student` VALUES (64, '高远航', 30, '珠 鹤轩林市', NULL, '男');
INSERT INTO `student` VALUES (63, '范鸿涛', 24, '彬宁市', NULL, '女');
INSERT INTO `student` VALUES (62, '卢昊强', 27, '邵门市', NULL, '女');
INSERT INTO `student` VALUES (61, '冯鹏', 29, '韦阳市', NULL, '男');
INSERT INTO `student` VALUES (60, '胡泽洋', 23, '海 凯瑞都市', NULL, '女');
INSERT INTO `student` VALUES (59, '罗弘文', 20, '吉 烨磊原市', NULL, '男');
INSERT INTO `student` VALUES (58, '苏彬', 19, 'Binghamton', NULL, '女');
INSERT INTO `student` VALUES (57, '苏鹏涛', 21, '唐林市', NULL, '男');
INSERT INTO `student` VALUES (56, '熊思远', 23, '诸 风华', NULL, '女');
INSERT INTO `student` VALUES (55, '王鸿煊', 22, '明原市', NULL, '男');
INSERT INTO `student` VALUES (54, '董锦程', 22, '宁 哲瀚原市', NULL, '女');
INSERT INTO `student` VALUES (53, '高绍辉', 30, 'San Buenaventura (Ventura)', NULL, '女');
INSERT INTO `student` VALUES (52, '赵昊焱', 26, '立诚码市', NULL, '女');
INSERT INTO `student` VALUES (51, '蒋文博', 27, '嘉懿京市', NULL, '女');
INSERT INTO `student` VALUES (50, '程瑞霖', 21, '语堂乡县', NULL, '男');
INSERT INTO `student` VALUES (49, '田鑫鹏', 28, '太 文昊', NULL, '女');
INSERT INTO `student` VALUES (48, '苏鸿涛', 28, '黄州市', NULL, '男');
INSERT INTO `student` VALUES (47, '谭楷瑞', 23, '郝汉市', NULL, '男');
INSERT INTO `student` VALUES (46, '贾鹤轩', 28, '子轩宁市', NULL, '女');
INSERT INTO `student` VALUES (45, '戴健柏', 25, '长 振家', NULL, '男');
INSERT INTO `student` VALUES (44, '周振家', 22, '贵 弘文徽市', NULL, '女');
INSERT INTO `student` VALUES (43, '孙建辉', 29, 'Fountain Valley', NULL, '女');
INSERT INTO `student` VALUES (42, '蔡俊驰', 19, 'Westland', NULL, '女');
INSERT INTO `student` VALUES (41, '夏越泽', 27, '厦 琪京市', NULL, '男');
INSERT INTO `student` VALUES (40, '萧擎苍', 27, 'Blaine', NULL, '男');
INSERT INTO `student` VALUES (39, '梁文', 28, '健雄汉市', NULL, '男');
INSERT INTO `student` VALUES (38, '周峻熙', 20, '浩然州市', NULL, '男');
INSERT INTO `student` VALUES (37, '陶钰轩', 26, '梁码市', NULL, '女');
INSERT INTO `student` VALUES (36, '钱晟睿', 27, '成 浩宇州市', NULL, '男');
INSERT INTO `student` VALUES (35, '雷鸿煊', 23, 'Minnetonka', NULL, '男');
INSERT INTO `student` VALUES (34, '夏伟祺', 30, '雨泽州市', NULL, '女');
INSERT INTO `student` VALUES (33, '蔡子骞', 22, '郭林市', NULL, '女');
INSERT INTO `student` VALUES (32, '夏煜祺', 24, '子涵都市', NULL, '男');
INSERT INTO `student` VALUES (31, '侯远航', 27, '周安市', NULL, '女');
INSERT INTO `student` VALUES (30, '段雨泽', 24, '贵 鸿煊', NULL, '男');
INSERT INTO `student` VALUES (29, '戴皓轩', 26, '于阳市', NULL, '男');
INSERT INTO `student` VALUES (28, '廖智宸', 25, '吉 昊天阳市', NULL, '男');
INSERT INTO `student` VALUES (27, '龚锦程', 29, '南 煜城京市', NULL, '男');
INSERT INTO `student` VALUES (26, '崔昊然', 20, 'Harrisonburg', NULL, '男');
INSERT INTO `student` VALUES (25, '周鸿煊', 28, 'Owensboro', NULL, '女');
INSERT INTO `student` VALUES (24, '余昊强', 23, '郝海市', NULL, '女');
INSERT INTO `student` VALUES (23, '邹君浩', 22, '明杰原市', NULL, '女');
INSERT INTO `student` VALUES (22, '余昊焱', 24, '海 博超', NULL, '男');
INSERT INTO `student` VALUES (21, '孔峻熙', 22, '长 苑博乡县', NULL, '女');
INSERT INTO `student` VALUES (20, '邹伟泽', 26, 'Menifee', NULL, '男');
INSERT INTO `student` VALUES (19, '徐智渊', 20, '金汉市', NULL, '女');
INSERT INTO `student` VALUES (18, '李思淼', 20, '黄头市', NULL, '男');
INSERT INTO `student` VALUES (17, '罗航', 24, 'Urbandale', NULL, '男');
INSERT INTO `student` VALUES (16, '秦熠彤', 22, '傅阳市', NULL, '男');
INSERT INTO `student` VALUES (15, '任旭尧', 24, '衡 天翊', NULL, '男');
INSERT INTO `student` VALUES (14, '潘楷瑞', 28, '厦 炎彬阳市', NULL, '男');
INSERT INTO `student` VALUES (13, '谭鹭洋', 24, 'Casas Adobes', NULL, '男');
INSERT INTO `student` VALUES (12, '何哲瀚', 27, 'Chesterfield', NULL, '男');
INSERT INTO `student` VALUES (11, '徐伟诚', 25, '诸 嘉懿头市', NULL, '男');
INSERT INTO `student` VALUES (10, '田鹤轩', 29, '安 健柏阳市', NULL, '男');
INSERT INTO `student` VALUES (9, '韩绍辉', 27, '建辉头市', NULL, '女');
INSERT INTO `student` VALUES (8, '方鑫鹏', 28, '烨华码市', NULL, '女');
INSERT INTO `student` VALUES (7, '杜烨伟', 22, '北 明门市', NULL, '女');
INSERT INTO `student` VALUES (6, '朱荣轩', 19, 'Hendersonville', NULL, '男');
INSERT INTO `student` VALUES (5, '段潇然', 30, 'Baltimore', NULL, '男');
INSERT INTO `student` VALUES (4, '吴烨霖', 22, '吉 君浩原市', NULL, '女');
INSERT INTO `student` VALUES (3, '龚绍辉', 25, '宁 鸿煊', NULL, '女');
INSERT INTO `student` VALUES (2, '沈志泽', 29, 'Danville', NULL, '男');
INSERT INTO `student` VALUES (1, '龙鑫鹏', 26, 'Dearborn Heights', NULL, '男');
INSERT INTO `student` VALUES (177, '覃涛', 26, '北 建辉乡县', NULL, '女');
COMMIT;

-- ----------------------------
-- Table structure for teacher
-- ----------------------------
DROP TABLE IF EXISTS `teacher`;
CREATE TABLE `teacher` (
  `teacher_id` int NOT NULL AUTO_INCREMENT COMMENT '教师id',
  `teacher_name` varchar(255) CHARACTER SET utf8 COLLATE utf8_general_ci DEFAULT NULL COMMENT '教师姓名',
  `college_id` int DEFAULT NULL COMMENT '所属学院id',
  PRIMARY KEY (`teacher_id`) USING BTREE
) ENGINE=MyISAM AUTO_INCREMENT=178 DEFAULT CHARSET=utf8 ROW_FORMAT=DYNAMIC COMMENT='教师';

-- ----------------------------
-- Records of teacher
-- ----------------------------
BEGIN;
INSERT INTO `teacher` VALUES (1, '钱靖琪', 10);
INSERT INTO `teacher` VALUES (2, '袁锦程', 21);
INSERT INTO `teacher` VALUES (3, '曹天宇', 12);
INSERT INTO `teacher` VALUES (4, '贾雪松', 21);
INSERT INTO `teacher` VALUES (5, '邵烨霖', 28);
INSERT INTO `teacher` VALUES (6, '许伟祺', 10);
INSERT INTO `teacher` VALUES (7, '戴伟诚', 19);
INSERT INTO `teacher` VALUES (8, '程钰轩', 11);
INSERT INTO `teacher` VALUES (9, '廖子骞', 21);
INSERT INTO `teacher` VALUES (10, '韩伟宸', 24);
INSERT INTO `teacher` VALUES (11, '梁天宇', 22);
INSERT INTO `teacher` VALUES (12, '熊泽洋', 28);
INSERT INTO `teacher` VALUES (13, '龙明哲', 27);
INSERT INTO `teacher` VALUES (14, '魏烨霖', 28);
INSERT INTO `teacher` VALUES (15, '沈烨霖', 5);
INSERT INTO `teacher` VALUES (16, '洪雪松', 11);
INSERT INTO `teacher` VALUES (17, '梁俊驰', 7);
INSERT INTO `teacher` VALUES (18, '顾明哲', 9);
INSERT INTO `teacher` VALUES (19, '毛浩宇', 9);
INSERT INTO `teacher` VALUES (20, '韦航', 29);
INSERT INTO `teacher` VALUES (21, '万雪松', 9);
INSERT INTO `teacher` VALUES (22, '姚哲瀚', 26);
INSERT INTO `teacher` VALUES (23, '蔡语堂', 27);
INSERT INTO `teacher` VALUES (24, '毛博超', 22);
INSERT INTO `teacher` VALUES (25, '吕哲瀚', 21);
INSERT INTO `teacher` VALUES (26, '严展鹏', 25);
INSERT INTO `teacher` VALUES (27, '傅立果', 3);
INSERT INTO `teacher` VALUES (28, '姜鸿涛', 16);
INSERT INTO `teacher` VALUES (29, '万琪', 9);
INSERT INTO `teacher` VALUES (30, '潘昊天', 21);
INSERT INTO `teacher` VALUES (31, '曹明', 20);
INSERT INTO `teacher` VALUES (32, '吕晓啸', 11);
INSERT INTO `teacher` VALUES (33, '邹弘文', 25);
INSERT INTO `teacher` VALUES (34, '阎黎昕', 4);
INSERT INTO `teacher` VALUES (35, '熊晟睿', 23);
INSERT INTO `teacher` VALUES (36, '黄越彬', 17);
INSERT INTO `teacher` VALUES (37, '韦博超', 26);
INSERT INTO `teacher` VALUES (38, '武潇然', 23);
INSERT INTO `teacher` VALUES (39, '许鹏煊', 30);
INSERT INTO `teacher` VALUES (40, '龚智辉', 18);
INSERT INTO `teacher` VALUES (41, '范文轩', 15);
INSERT INTO `teacher` VALUES (42, '沈子骞', 23);
INSERT INTO `teacher` VALUES (43, '崔金鑫', 18);
INSERT INTO `teacher` VALUES (44, '侯振家', 16);
INSERT INTO `teacher` VALUES (45, '刘鹏', 13);
INSERT INTO `teacher` VALUES (46, '林绍齐', 3);
INSERT INTO `teacher` VALUES (47, '孔文轩', 5);
INSERT INTO `teacher` VALUES (48, '高晟睿', 1);
INSERT INTO `teacher` VALUES (49, '夏语堂', 12);
INSERT INTO `teacher` VALUES (50, '许语堂', 9);
INSERT INTO `teacher` VALUES (51, '苏远航', 5);
INSERT INTO `teacher` VALUES (52, '宋昊强', 18);
INSERT INTO `teacher` VALUES (53, '黄天翊', 12);
INSERT INTO `teacher` VALUES (54, '江鹤轩', 11);
INSERT INTO `teacher` VALUES (55, '彭弘文', 24);
INSERT INTO `teacher` VALUES (56, '冯雨泽', 25);
INSERT INTO `teacher` VALUES (57, '林鹭洋', 11);
INSERT INTO `teacher` VALUES (58, '陆荣轩', 26);
INSERT INTO `teacher` VALUES (59, '覃鸿涛', 30);
INSERT INTO `teacher` VALUES (60, '汪鹏', 5);
INSERT INTO `teacher` VALUES (61, '唐楷瑞', 9);
INSERT INTO `teacher` VALUES (62, '余鹏涛', 6);
INSERT INTO `teacher` VALUES (63, '于天宇', 30);
INSERT INTO `teacher` VALUES (64, '吕语堂', 11);
INSERT INTO `teacher` VALUES (65, '白鹏涛', 8);
INSERT INTO `teacher` VALUES (66, '武远航', 23);
INSERT INTO `teacher` VALUES (67, '何绍齐', 1);
INSERT INTO `teacher` VALUES (68, '任昊然', 22);
INSERT INTO `teacher` VALUES (69, '洪语堂', 13);
INSERT INTO `teacher` VALUES (70, '黎振家', 29);
INSERT INTO `teacher` VALUES (71, '崔鹭洋', 13);
INSERT INTO `teacher` VALUES (72, '万煜祺', 16);
INSERT INTO `teacher` VALUES (73, '孔思聪', 17);
INSERT INTO `teacher` VALUES (74, '韩弘文', 19);
INSERT INTO `teacher` VALUES (75, '武思远', 6);
INSERT INTO `teacher` VALUES (76, '丁瑾瑜', 1);
INSERT INTO `teacher` VALUES (77, '姚思远', 28);
INSERT INTO `teacher` VALUES (78, '严晋鹏', 10);
INSERT INTO `teacher` VALUES (79, '崔明杰', 13);
INSERT INTO `teacher` VALUES (80, '沈瑾瑜', 5);
INSERT INTO `teacher` VALUES (81, '汪煜祺', 18);
INSERT INTO `teacher` VALUES (82, '邓昊然', 25);
INSERT INTO `teacher` VALUES (83, '莫鹏煊', 22);
INSERT INTO `teacher` VALUES (84, '程语堂', 7);
INSERT INTO `teacher` VALUES (85, '袁皓轩', 28);
INSERT INTO `teacher` VALUES (86, '谢泽洋', 2);
INSERT INTO `teacher` VALUES (87, '赵熠彤', 18);
INSERT INTO `teacher` VALUES (88, '陶子默', 25);
INSERT INTO `teacher` VALUES (89, '魏子骞', 13);
INSERT INTO `teacher` VALUES (90, '曾晓博', 24);
INSERT INTO `teacher` VALUES (91, '覃思远', 8);
INSERT INTO `teacher` VALUES (92, '朱锦程', 16);
INSERT INTO `teacher` VALUES (93, '余凯瑞', 7);
INSERT INTO `teacher` VALUES (94, '金弘文', 19);
INSERT INTO `teacher` VALUES (95, '袁志强', 21);
INSERT INTO `teacher` VALUES (96, '郝天翊', 23);
INSERT INTO `teacher` VALUES (97, '傅彬', 26);
INSERT INTO `teacher` VALUES (98, '潘聪健', 19);
INSERT INTO `teacher` VALUES (99, '魏鹏涛', 24);
INSERT INTO `teacher` VALUES (100, '杜弘文', 5);
INSERT INTO `teacher` VALUES (101, '戴博超', 23);
INSERT INTO `teacher` VALUES (102, '刘文', 6);
INSERT INTO `teacher` VALUES (103, '杨彬', 24);
INSERT INTO `teacher` VALUES (104, '龙鹏涛', 22);
INSERT INTO `teacher` VALUES (105, '马晓博', 23);
INSERT INTO `teacher` VALUES (106, '武煜祺', 19);
INSERT INTO `teacher` VALUES (107, '马子轩', 17);
INSERT INTO `teacher` VALUES (108, '萧炎彬', 6);
INSERT INTO `teacher` VALUES (109, '谢风华', 23);
INSERT INTO `teacher` VALUES (110, '叶耀杰', 27);
INSERT INTO `teacher` VALUES (111, '萧睿渊', 14);
INSERT INTO `teacher` VALUES (112, '吕烨霖', 18);
INSERT INTO `teacher` VALUES (113, '罗伟泽', 26);
INSERT INTO `teacher` VALUES (114, '黄志泽', 20);
INSERT INTO `teacher` VALUES (115, '董鹭洋', 29);
INSERT INTO `teacher` VALUES (116, '吴致远', 1);
INSERT INTO `teacher` VALUES (117, '田博超', 15);
INSERT INTO `teacher` VALUES (118, '马梓晨', 21);
INSERT INTO `teacher` VALUES (119, '郑哲瀚', 30);
INSERT INTO `teacher` VALUES (120, '郭旭尧', 25);
INSERT INTO `teacher` VALUES (121, '沈明辉', 10);
INSERT INTO `teacher` VALUES (122, '姜擎苍', 27);
INSERT INTO `teacher` VALUES (123, '严越彬', 18);
INSERT INTO `teacher` VALUES (124, '李峻熙', 26);
INSERT INTO `teacher` VALUES (125, '马正豪', 6);
INSERT INTO `teacher` VALUES (126, '阎绍辉', 24);
INSERT INTO `teacher` VALUES (127, '程昊强', 19);
INSERT INTO `teacher` VALUES (128, '邱笑愚', 25);
INSERT INTO `teacher` VALUES (129, '江鹤轩', 1);
INSERT INTO `teacher` VALUES (130, '赵伟泽', 4);
INSERT INTO `teacher` VALUES (131, '苏擎宇', 6);
INSERT INTO `teacher` VALUES (132, '贾志泽', 20);
INSERT INTO `teacher` VALUES (133, '钟胤祥', 5);
INSERT INTO `teacher` VALUES (134, '胡语堂', 5);
INSERT INTO `teacher` VALUES (135, '顾智辉', 24);
INSERT INTO `teacher` VALUES (136, '董笑愚', 10);
INSERT INTO `teacher` VALUES (137, '崔鹭洋', 30);
INSERT INTO `teacher` VALUES (138, '吕君浩', 20);
INSERT INTO `teacher` VALUES (139, '夏昊强', 28);
INSERT INTO `teacher` VALUES (140, '郑俊驰', 21);
INSERT INTO `teacher` VALUES (141, '任瑞霖', 25);
INSERT INTO `teacher` VALUES (142, '魏正豪', 3);
INSERT INTO `teacher` VALUES (143, '邵思', 10);
INSERT INTO `teacher` VALUES (144, '王君浩', 15);
INSERT INTO `teacher` VALUES (145, '尹烨华', 22);
INSERT INTO `teacher` VALUES (146, '曹哲瀚', 8);
INSERT INTO `teacher` VALUES (147, '邹风华', 20);
INSERT INTO `teacher` VALUES (148, '罗晟睿', 23);
INSERT INTO `teacher` VALUES (149, '任越泽', 12);
INSERT INTO `teacher` VALUES (150, '杜哲瀚', 1);
INSERT INTO `teacher` VALUES (151, '韩驰', 7);
INSERT INTO `teacher` VALUES (152, '谢修洁', 23);
INSERT INTO `teacher` VALUES (153, '徐烨霖', 23);
INSERT INTO `teacher` VALUES (154, '邓哲瀚', 24);
INSERT INTO `teacher` VALUES (155, '许鹏', 2);
INSERT INTO `teacher` VALUES (156, '张晟睿', 28);
INSERT INTO `teacher` VALUES (157, '夏致远', 27);
INSERT INTO `teacher` VALUES (158, '梁钰轩', 12);
INSERT INTO `teacher` VALUES (159, '史熠彤', 9);
INSERT INTO `teacher` VALUES (160, '赵鹏煊', 28);
INSERT INTO `teacher` VALUES (161, '何晓啸', 6);
INSERT INTO `teacher` VALUES (162, '白子骞', 15);
INSERT INTO `teacher` VALUES (163, '方志强', 16);
INSERT INTO `teacher` VALUES (164, '宋涛', 10);
INSERT INTO `teacher` VALUES (165, '赖哲瀚', 15);
INSERT INTO `teacher` VALUES (166, '石皓轩', 3);
INSERT INTO `teacher` VALUES (167, '杜峻熙', 22);
INSERT INTO `teacher` VALUES (168, '邹明哲', 4);
INSERT INTO `teacher` VALUES (169, '戴浩然', 15);
INSERT INTO `teacher` VALUES (170, '高瑾瑜', 26);
INSERT INTO `teacher` VALUES (171, '曹擎苍', 29);
INSERT INTO `teacher` VALUES (172, '崔靖琪', 15);
INSERT INTO `teacher` VALUES (173, '张文博', 22);
INSERT INTO `teacher` VALUES (174, '魏烨霖', 24);
INSERT INTO `teacher` VALUES (175, '姜鹭洋', 14);
INSERT INTO `teacher` VALUES (176, '邹健柏', 11);
INSERT INTO `teacher` VALUES (177, '江文', 23);
COMMIT;

-- ----------------------------
-- Procedure structure for compute
-- ----------------------------
DROP PROCEDURE IF EXISTS `compute`;
delimiter ;;
CREATE PROCEDURE `compute`(IN num1 INT, IN num2 INT, OUT result INT)
BEGIN
		SET result = num1 + num2 ;
	END
;;
delimiter ;

SET FOREIGN_KEY_CHECKS = 1;
